,Code,Industry
2015-10-01,SZE_000006,采掘
2013-07-01,SZE_000409,采掘
2008-06-02,SZE_000552,采掘
2011-10-10,SZE_000571,采掘
2015-10-31,SZE_000629,采掘
2015-10-31,SZE_000655,采掘
2008-06-02,SZE_000723,采掘
2008-06-02,SZE_000762,采掘
2016-09-27,SZE_000780,采掘
2016-09-27,SZE_000937,采掘
2016-09-27,SZE_000968,采掘
2016-09-27,SZE_000983,采掘
2015-11-02,SZE_002128,采掘
2016-06-01,SZE_002207,采掘
2016-01-28,SZE_002554,采掘
2017-01-03,SZE_002629,采掘
2014-12-19,SZE_002738,采掘
2016-12-05,SZE_002828,采掘
2016-04-14,SZE_300157,采掘
2016-11-30,SZE_300164,采掘
2016-04-14,SZE_300191,采掘
2008-06-02,SZE_600121,采掘
2015-10-26,SZE_600123,采掘
2016-09-20,SZE_600157,采掘
2008-06-02,SZE_600179,采掘
2016-09-27,SZE_600188,采掘
2015-10-01,SZE_600193,采掘
2016-08-15,SZE_600295,采掘
2016-09-27,SZE_600348,采掘
2016-09-27,SZE_600395,采掘
2015-10-26,SZE_600397,采掘
2015-10-26,SZE_600403,采掘
2008-06-02,SZE_600408,采掘
2015-10-26,SZE_600508,采掘
2011-10-10,SZE_600532,采掘
2016-09-27,SZE_600546,采掘
2016-06-01,SZE_600583,采掘
2011-10-10,SZE_600714,采掘
2008-06-02,SZE_600740,采掘
2016-06-01,SZE_600759,采掘
2015-10-26,SZE_600792,采掘
2017-02-23,SZE_600871,采掘
2011-10-10,SZE_600882,采掘
2008-06-02,SZE_600971,采掘
2016-09-27,SZE_600997,采掘
2008-06-02,SZE_601001,采掘
2011-02-23,SZE_601011,采掘
2014-10-24,SZE_601015,采掘
2015-11-02,SZE_601088,采掘
2010-03-15,SZE_601101,采掘
2016-09-27,SZE_601225,采掘
2015-11-02,SZE_601666,采掘
2016-09-27,SZE_601699,采掘
2016-09-27,SZE_601808,采掘
2016-06-01,SZE_601857,采掘
2016-09-27,SZE_601898,采掘
2015-11-02,SZE_601918,采掘
2014-11-25,SZE_601969,采掘
2016-11-07,SZE_603727,采掘
2015-06-18,SZE_603979,采掘
2016-02-19,SZE_000038,传媒
2015-08-04,SZE_000156,传媒
2014-01-01,SZE_000504,传媒
2015-07-01,SZE_000607,传媒
2014-01-01,SZE_000665,传媒
2015-11-02,SZE_000673,传媒
2015-11-02,SZE_000681,传媒
2014-01-01,SZE_000719,传媒
2014-01-01,SZE_000793,传媒
2017-02-27,SZE_000802,传媒
2015-07-01,SZE_000835,传媒
2015-11-02,SZE_000892,传媒
2014-01-01,SZE_000917,传媒
2015-11-02,SZE_002027,传媒
2015-11-02,SZE_002071,传媒
2014-01-01,SZE_002095,传媒
2015-11-02,SZE_002131,传媒
2015-11-02,SZE_002143,传媒
2015-11-02,SZE_002148,传媒
2016-02-03,SZE_002174,传媒
2014-01-01,SZE_002175,传媒
2014-01-01,SZE_002181,传媒
2015-11-02,SZE_002238,传媒
2015-08-04,SZE_002261,传媒
2015-11-02,SZE_002292,传媒
2014-01-01,SZE_002315,传媒
2015-10-31,SZE_002343,传媒
2016-02-03,SZE_002354,传媒
2015-08-04,SZE_002400,传媒
2016-02-19,SZE_002445,传媒
2011-10-10,SZE_002502,传媒
2016-11-01,SZE_002517,传媒
2016-02-03,SZE_002555,传媒
2014-01-01,SZE_002619,传媒
2015-11-02,SZE_002624,传媒
2014-01-08,SZE_002712,传媒
2017-02-10,SZE_002739,传媒
2015-11-02,SZE_300027,传媒
2015-11-03,SZE_300043,传媒
2014-01-01,SZE_300052,传媒
2015-11-02,SZE_300058,传媒
2015-12-31,SZE_300059,传媒
2015-10-31,SZE_300063,传媒
2015-11-02,SZE_300071,传媒
2015-11-02,SZE_300104,传媒
2015-11-02,SZE_300113,传媒
2015-11-02,SZE_300133,传媒
2015-08-04,SZE_300148,传媒
2014-01-01,SZE_300226,传媒
2015-11-02,SZE_300242,传媒
2017-02-10,SZE_300251,传媒
2015-11-02,SZE_300288,传媒
2015-11-02,SZE_300291,传媒
2015-11-02,SZE_300295,传媒
2015-11-02,SZE_300315,传媒
2015-11-02,SZE_300336,传媒
2015-08-24,SZE_300343,传媒
2015-11-02,SZE_300359,传媒
2015-11-02,SZE_300364,传媒
2016-05-22,SZE_300383,传媒
2015-11-02,SZE_300392,传媒
2016-02-03,SZE_300418,传媒
2015-11-02,SZE_300426,传媒
2015-11-02,SZE_300431,传媒
2016-01-07,SZE_300494,传媒
2016-06-24,SZE_300518,传媒
2016-08-04,SZE_300528,传媒
2016-08-04,SZE_300533,传媒
2017-02-08,SZE_300612,传媒
2015-11-02,SZE_600037,传媒
2014-01-01,SZE_600088,传媒
2016-08-15,SZE_600136,传媒
2016-02-19,SZE_600158,传媒
2015-11-02,SZE_600229,传媒
2016-09-20,SZE_600373,传媒
2016-04-01,SZE_600386,传媒
2014-01-01,SZE_600551,传媒
2015-10-01,SZE_600576,传媒
2014-01-01,SZE_600633,传媒
2015-11-02,SZE_600637,传媒
2015-07-01,SZE_600652,传媒
2015-11-02,SZE_600661,传媒
2015-11-02,SZE_600715,传媒
2014-01-01,SZE_600757,传媒
2015-11-03,SZE_600804,传媒
2014-01-01,SZE_600825,传媒
2014-01-01,SZE_600831,传媒
2015-11-02,SZE_600880,传媒
2008-06-02,SZE_600892,传媒
2016-08-04,SZE_600936,传媒
2015-11-02,SZE_600959,传媒
2016-08-04,SZE_600977,传媒
2016-12-11,SZE_600996,传媒
2016-02-03,SZE_601098,传媒
2016-08-04,SZE_601595,传媒
2016-02-03,SZE_601801,传媒
2016-08-04,SZE_601811,传媒
2017-01-05,SZE_601858,传媒
2016-02-03,SZE_601900,传媒
2016-02-19,SZE_601928,传媒
2014-01-01,SZE_601929,传媒
2014-01-01,SZE_601999,传媒
2016-08-11,SZE_603000,传媒
2016-10-17,SZE_603258,传媒
2016-12-25,SZE_603444,传媒
2015-05-25,SZE_603598,传媒
2015-03-09,SZE_603729,传媒
2016-10-17,SZE_603888,传媒
2015-12-23,SZE_603999,传媒
2016-06-15,SZE_000400,电气设备
2016-09-13,SZE_000585,电气设备
2016-01-13,SZE_000591,电气设备
2014-01-01,SZE_000682,电气设备
2014-01-01,SZE_000806,电气设备
2014-01-01,SZE_000922,电气设备
2014-01-01,SZE_000967,电气设备
2014-01-01,SZE_002028,电气设备
2014-01-01,SZE_002058,电气设备
2016-09-13,SZE_002074,电气设备
2016-09-13,SZE_002090,电气设备
2016-08-25,SZE_002112,电气设备
2015-10-16,SZE_002121,电气设备
2015-11-03,SZE_002123,电气设备
2014-01-01,SZE_002168,电气设备
2016-09-13,SZE_002169,电气设备
2014-01-01,SZE_002176,电气设备
2014-01-01,SZE_002184,电气设备
2016-06-13,SZE_002196,电气设备
2016-06-15,SZE_002202,电气设备
2016-11-02,SZE_002212,电气设备
2015-10-26,SZE_002218,电气设备
2014-01-01,SZE_002227,电气设备
2016-09-13,SZE_002249,电气设备
2014-01-01,SZE_002255,电气设备
2015-10-31,SZE_002266,电气设备
2014-01-01,SZE_002276,电气设备
2016-04-21,SZE_002298,电气设备
2014-01-01,SZE_002300,电气设备
2015-10-31,SZE_002309,电气设备
2014-01-01,SZE_002322,电气设备
2016-08-25,SZE_002334,电气设备
2016-11-06,SZE_002335,电气设备
2016-09-13,SZE_002339,电气设备
2016-09-13,SZE_002350,电气设备
2014-01-01,SZE_002356,电气设备
2015-10-16,SZE_002358,电气设备
2014-01-01,SZE_002359,电气设备
2016-10-09,SZE_002364,电气设备
2014-01-01,SZE_002441,电气设备
2014-01-01,SZE_002451,电气设备
2014-01-01,SZE_002452,电气设备
2014-01-01,SZE_002471,电气设备
2014-01-01,SZE_002498,电气设备
2016-09-13,SZE_002506,电气设备
2016-09-13,SZE_002518,电气设备
2016-06-15,SZE_002527,电气设备
2015-10-31,SZE_002531,电气设备
2016-07-08,SZE_002533,电气设备
2016-01-18,SZE_002534,电气设备
2015-09-15,SZE_002546,电气设备
2014-01-01,SZE_002560,电气设备
2014-01-01,SZE_002576,电气设备
2016-06-10,SZE_002580,电气设备
2014-01-01,SZE_002606,电气设备
2015-10-26,SZE_002610,电气设备
2016-09-20,SZE_002617,电气设备
2014-01-01,SZE_002622,电气设备
2014-01-01,SZE_002630,电气设备
2016-09-13,SZE_002665,电气设备
2014-01-01,SZE_002692,电气设备
2014-01-08,SZE_002706,电气设备
2016-09-13,SZE_002733,电气设备
2015-06-15,SZE_002767,电气设备
2016-06-24,SZE_002801,电气设备
2016-12-01,SZE_002823,电气设备
2017-02-24,SZE_002851,电气设备
2016-09-13,SZE_300001,电气设备
2016-09-27,SZE_300011,电气设备
2014-01-01,SZE_300018,电气设备
2014-01-01,SZE_300029,电气设备
2014-01-01,SZE_300040,电气设备
2015-12-14,SZE_300048,电气设备
2016-01-21,SZE_300062,电气设备
2016-09-13,SZE_300068,电气设备
2016-09-28,SZE_300069,电气设备
2014-01-01,SZE_300105,电气设备
2014-01-01,SZE_300111,电气设备
2014-01-01,SZE_300118,电气设备
2014-01-01,SZE_300120,电气设备
2016-06-15,SZE_300124,电气设备
2015-10-31,SZE_300129,电气设备
2015-11-02,SZE_300140,电气设备
2014-01-01,SZE_300141,电气设备
2016-05-10,SZE_300153,电气设备
2014-01-01,SZE_300208,电气设备
2015-10-16,SZE_300215,电气设备
2016-12-29,SZE_300222,电气设备
2016-12-05,SZE_300265,电气设备
2016-06-15,SZE_300274,电气设备
2014-01-01,SZE_300283,电气设备
2016-09-13,SZE_300286,电气设备
2015-10-31,SZE_300308,电气设备
2015-10-26,SZE_300316,电气设备
2014-01-01,SZE_300341,电气设备
2015-10-31,SZE_300356,电气设备
2016-09-13,SZE_300360,电气设备
2017-01-23,SZE_300370,电气设备
2015-10-26,SZE_300376,电气设备
2015-10-26,SZE_300393,电气设备
2016-02-19,SZE_300407,电气设备
2015-05-06,SZE_300414,电气设备
2015-02-15,SZE_300423,电气设备
2015-11-02,SZE_300427,电气设备
2015-04-13,SZE_300444,电气设备
2015-04-13,SZE_300447,电气设备
2015-05-25,SZE_300466,电气设备
2015-06-15,SZE_300477,电气设备
2016-08-25,SZE_300484,电气设备
2016-09-13,SZE_300490,电气设备
2016-01-05,SZE_300491,电气设备
2016-04-24,SZE_300510,电气设备
2016-12-01,SZE_300569,电气设备
2016-12-25,SZE_300593,电气设备
2017-01-14,SZE_300600,电气设备
2017-02-14,SZE_300617,电气设备
2017-03-10,SZE_300626,电气设备
2016-06-15,SZE_600089,电气设备
2014-01-01,SZE_600110,电气设备
2015-08-04,SZE_600112,电气设备
2016-09-13,SZE_600151,电气设备
2014-01-01,SZE_600192,电气设备
2014-01-01,SZE_600202,电气设备
2016-09-13,SZE_600268,电气设备
2014-01-01,SZE_600290,电气设备
2016-09-13,SZE_600312,电气设备
2016-08-23,SZE_600349,电气设备
2014-01-01,SZE_600353,电气设备
2014-01-01,SZE_600379,电气设备
2015-10-26,SZE_600401,电气设备
2014-01-01,SZE_600405,电气设备
2016-09-13,SZE_600406,电气设备
2016-12-16,SZE_600416,电气设备
2014-01-01,SZE_600468,电气设备
2014-01-01,SZE_600475,电气设备
2016-09-13,SZE_600517,电气设备
2016-02-19,SZE_600525,电气设备
2015-10-26,SZE_600537,电气设备
2014-01-01,SZE_600550,电气设备
2014-01-01,SZE_600580,电气设备
2015-10-31,SZE_600590,电气设备
2014-01-01,SZE_600847,电气设备
2016-08-25,SZE_600869,电气设备
2014-01-01,SZE_600875,电气设备
2015-10-26,SZE_600885,电气设备
2014-01-01,SZE_600973,电气设备
2016-06-13,SZE_601012,电气设备
2014-01-01,SZE_601126,电气设备
2016-09-13,SZE_601179,电气设备
2014-01-01,SZE_601218,电气设备
2016-06-13,SZE_601222,电气设备
2014-01-01,SZE_601558,电气设备
2015-11-03,SZE_601567,电气设备
2014-01-01,SZE_601616,电气设备
2015-08-04,SZE_601700,电气设备
2016-09-13,SZE_601727,电气设备
2016-06-15,SZE_601877,电气设备
2016-09-13,SZE_601908,电气设备
2016-02-19,SZE_603015,电气设备
2016-07-07,SZE_603016,电气设备
2016-12-29,SZE_603025,电气设备
2016-07-06,SZE_603100,电气设备
2016-12-11,SZE_603218,电气设备
2014-01-01,SZE_603333,电气设备
2016-12-11,SZE_603416,电气设备
2016-12-11,SZE_603577,电气设备
2014-09-26,SZE_603606,电气设备
2015-02-15,SZE_603618,电气设备
2016-12-25,SZE_603628,电气设备
2014-09-04,SZE_603806,电气设备
2016-11-06,SZE_603819,电气设备
2016-10-17,SZE_603859,电气设备
2016-03-23,SZE_603861,电气设备
2014-10-24,SZE_603988,电气设备
2011-10-10,SZE_000020,电子
2016-10-19,SZE_000045,电子
2016-11-01,SZE_000049,电子
2016-11-01,SZE_000050,电子
2008-06-02,SZE_000413,电子
2016-01-08,SZE_000532,电子
2016-11-01,SZE_000536,电子
2016-11-01,SZE_000541,电子
2016-11-01,SZE_000636,电子
2016-11-01,SZE_000670,电子
2016-11-01,SZE_000701,电子
2015-10-31,SZE_000725,电子
2016-11-01,SZE_000727,电子
2016-06-13,SZE_000733,电子
2016-11-01,SZE_000823,电子
2015-11-03,SZE_000988,电子
2016-08-23,SZE_000991,电子
2016-11-01,SZE_002005,电子
2016-05-23,SZE_002008,电子
2016-09-13,SZE_002025,电子
2016-11-01,SZE_002036,电子
2015-10-16,SZE_002045,电子
2016-11-01,SZE_002049,电子
2016-10-19,SZE_002055,电子
2016-08-25,SZE_002056,电子
2015-10-31,SZE_002076,电子
2016-11-01,SZE_002079,电子
2016-11-01,SZE_002106,电子
2016-11-01,SZE_002119,电子
2016-02-27,SZE_002129,电子
2016-11-01,SZE_002134,电子
2016-11-01,SZE_002137,电子
2016-10-19,SZE_002138,电子
2016-02-19,SZE_002139,电子
2016-11-01,SZE_002141,电子
2016-11-02,SZE_002156,电子
2016-02-04,SZE_002161,电子
2016-02-19,SZE_002179,电子
2016-11-01,SZE_002180,电子
2016-11-01,SZE_002185,电子
2016-11-01,SZE_002188,电子
2016-11-01,SZE_002189,电子
2016-11-01,SZE_002199,电子
2016-09-13,SZE_002214,电子
2016-10-19,SZE_002217,电子
2016-11-01,SZE_002222,电子
2016-11-01,SZE_002241,电子
2008-06-25,SZE_002257,电子
2017-01-23,SZE_002273,电子
2016-02-19,SZE_002288,电子
2015-10-31,SZE_002289,电子
2016-11-01,SZE_002351,电子
2011-10-10,SZE_002369,电子
2016-06-06,SZE_002371,电子
2016-12-05,SZE_002384,电子
2016-02-19,SZE_002388,电子
2016-08-15,SZE_002389,电子
2016-11-01,SZE_002402,电子
2010-05-28,SZE_002414,电子
2016-06-27,SZE_002436,电子
2016-11-01,SZE_002449,电子
2016-11-01,SZE_002456,电子
2016-11-01,SZE_002463,电子
2015-10-31,SZE_002475,电子
2016-11-01,SZE_002484,电子
2015-10-16,SZE_002547,电子
2016-11-01,SZE_002579,电子
2016-08-15,SZE_002587,电子
2011-10-10,SZE_002618,电子
2016-10-19,SZE_002635,电子
2016-11-01,SZE_002636,电子
2016-07-04,SZE_002638,电子
2016-10-19,SZE_002654,电子
2016-11-01,SZE_002655,电子
2016-11-01,SZE_002660,电子
2016-11-01,SZE_002724,电子
2016-11-01,SZE_002729,电子
2016-11-01,SZE_002745,电子
2015-12-24,SZE_002782,电子
2016-08-04,SZE_002808,电子
2016-10-12,SZE_002815,电子
2017-01-05,SZE_002841,电子
2017-01-14,SZE_002845,电子
2017-02-14,SZE_002850,电子
2017-03-01,SZE_002855,电子
2015-10-28,SZE_300014,电子
2014-07-01,SZE_300032,电子
2016-11-01,SZE_300046,电子
2016-09-13,SZE_300053,电子
2010-03-10,SZE_300060,电子
2016-11-01,SZE_300076,电子
2016-06-06,SZE_300077,电子
2011-10-10,SZE_300078,电子
2016-11-01,SZE_300083,电子
2016-10-19,SZE_300088,电子
2016-11-01,SZE_300102,电子
2016-11-01,SZE_300115,电子
2017-02-23,SZE_300128,电子
2016-11-01,SZE_300131,电子
2015-11-03,SZE_300136,电子
2016-11-01,SZE_300139,电子
2016-02-19,SZE_300162,电子
2015-11-03,SZE_300183,电子
2016-11-01,SZE_300184,电子
2016-09-13,SZE_300207,电子
2016-11-01,SZE_300219,电子
2016-11-01,SZE_300220,电子
2016-06-06,SZE_300223,电子
2016-11-01,SZE_300227,电子
2015-10-31,SZE_300232,电子
2015-10-31,SZE_300241,电子
2016-11-01,SZE_300256,电子
2016-12-05,SZE_300269,电子
2016-11-01,SZE_300279,电子
2016-10-26,SZE_300282,电子
2015-08-14,SZE_300296,电子
2016-10-19,SZE_300301,电子
2015-10-16,SZE_300303,电子
2016-11-01,SZE_300317,电子
2016-11-01,SZE_300319,电子
2016-11-01,SZE_300322,电子
2016-11-01,SZE_300323,电子
2016-11-01,SZE_300327,电子
2015-10-31,SZE_300328,电子
2016-11-01,SZE_300331,电子
2016-11-01,SZE_300340,电子
2016-08-11,SZE_300346,电子
2016-11-01,SZE_300373,电子
2014-07-31,SZE_300389,电子
2016-11-01,SZE_300390,电子
2017-01-12,SZE_300394,电子
2016-11-01,SZE_300408,电子
2016-09-30,SZE_300410,电子
2016-10-19,SZE_300433,电子
2016-11-01,SZE_300438,电子
2016-11-01,SZE_300446,电子
2015-10-31,SZE_300458,电子
2016-11-01,SZE_300460,电子
2016-11-01,SZE_300476,电子
2015-12-23,SZE_300493,电子
2016-03-04,SZE_300502,电子
2016-05-25,SZE_300516,电子
2016-09-07,SZE_300543,电子
2016-12-14,SZE_300545,电子
2017-02-23,SZE_300566,电子
2016-12-11,SZE_300582,电子
2017-01-14,SZE_300602,电子
2017-02-08,SZE_300613,电子
2017-02-24,SZE_300623,电子
2017-03-01,SZE_300625,电子
2016-11-01,SZE_600071,电子
2016-10-19,SZE_600074,电子
2016-11-01,SZE_600171,电子
2016-11-01,SZE_600183,电子
2016-11-01,SZE_600203,电子
2011-10-10,SZE_600237,电子
2015-10-31,SZE_600261,电子
2016-11-01,SZE_600288,电子
2016-11-01,SZE_600360,电子
2016-11-01,SZE_600363,电子
2016-11-01,SZE_600460,电子
2016-11-01,SZE_600563,电子
2015-10-31,SZE_600584,电子
2016-11-01,SZE_600651,电子
2016-10-19,SZE_600666,电子
2016-11-01,SZE_600667,电子
2015-10-31,SZE_600703,电子
2016-11-01,SZE_600707,电子
2016-11-01,SZE_600800,电子
2016-11-01,SZE_601231,电子
2016-11-01,SZE_603005,电子
2016-10-12,SZE_603160,电子
2017-02-19,SZE_603186,电子
2016-12-19,SZE_603228,电子
2016-11-01,SZE_603328,电子
2016-08-04,SZE_603515,电子
2016-11-06,SZE_603633,电子
2015-10-31,SZE_603678,电子
2016-10-12,SZE_603738,电子
2015-12-23,SZE_603936,电子
2016-08-04,SZE_603986,电子
2016-11-01,SZE_603989,电子
2016-09-27,SZE_000002,房地产
2015-10-01,SZE_000005,房地产
2015-10-01,SZE_000011,房地产
2015-10-01,SZE_000014,房地产
2015-10-01,SZE_000029,房地产
2015-10-01,SZE_000031,房地产
2015-10-01,SZE_000036,房地产
2015-10-01,SZE_000040,房地产
2015-10-01,SZE_000042,房地产
2015-10-01,SZE_000043,房地产
2015-10-01,SZE_000046,房地产
2014-07-01,SZE_000056,房地产
2016-10-20,SZE_000069,房地产
2015-10-01,SZE_000090,房地产
2015-10-01,SZE_000402,房地产
2016-02-19,SZE_000502,房地产
2016-11-19,SZE_000505,房地产
2015-07-29,SZE_000506,房地产
2015-10-01,SZE_000514,房地产
2015-10-01,SZE_000517,房地产
2016-08-15,SZE_000526,房地产
2016-06-03,SZE_000534,房地产
2015-10-01,SZE_000537,房地产
2016-09-27,SZE_000540,房地产
2015-06-25,SZE_000558,房地产
2015-10-01,SZE_000567,房地产
2015-10-01,SZE_000573,房地产
2015-10-01,SZE_000608,房地产
2015-10-01,SZE_000609,房地产
2008-06-02,SZE_000615,房地产
2015-10-01,SZE_000616,房地产
2016-10-20,SZE_000620,房地产
2015-10-01,SZE_000631,房地产
2016-02-19,SZE_000638,房地产
2016-09-27,SZE_000656,房地产
2015-10-01,SZE_000667,房地产
2015-10-01,SZE_000668,房地产
2017-02-03,SZE_000671,房地产
2015-10-01,SZE_000691,房地产
2016-09-27,SZE_000718,房地产
2015-10-01,SZE_000732,房地产
2015-10-01,SZE_000736,房地产
2015-10-01,SZE_000797,房地产
2015-10-01,SZE_000803,房地产
2016-09-27,SZE_000809,房地产
2015-10-01,SZE_000838,房地产
2012-07-02,SZE_000863,房地产
2015-10-01,SZE_000897,房地产
2015-10-01,SZE_000909,房地产
2016-09-27,SZE_000918,房地产
2016-09-27,SZE_000926,房地产
2015-10-01,SZE_000931,房地产
2016-09-12,SZE_000961,房地产
2016-07-12,SZE_000965,房地产
2015-10-01,SZE_000979,房地产
2016-06-27,SZE_000981,房地产
2016-12-07,SZE_001979,房地产
2015-10-01,SZE_002016,房地产
2016-05-30,SZE_002077,房地产
2015-10-01,SZE_002133,房地产
2016-09-27,SZE_002146,房地产
2015-10-01,SZE_002208,房地产
2016-09-27,SZE_002244,房地产
2015-10-01,SZE_002285,房地产
2016-09-27,SZE_002305,房地产
2015-10-01,SZE_600007,房地产
2015-10-01,SZE_600048,房地产
2015-10-01,SZE_600052,房地产
2016-09-27,SZE_600064,房地产
2015-10-01,SZE_600067,房地产
2016-07-08,SZE_600077,房地产
2015-10-01,SZE_600094,房地产
2014-07-01,SZE_600095,房地产
2015-10-01,SZE_600159,房地产
2015-10-01,SZE_600162,房地产
2015-10-01,SZE_600173,房地产
2015-10-01,SZE_600185,房地产
2016-07-11,SZE_600208,房地产
2015-10-01,SZE_600215,房地产
2015-10-01,SZE_600223,房地产
2015-10-01,SZE_600225,房地产
2016-09-27,SZE_600239,房地产
2016-02-19,SZE_600240,房地产
2015-10-01,SZE_600246,房地产
2015-10-01,SZE_600266,房地产
2016-11-19,SZE_600322,房地产
2015-10-01,SZE_600325,房地产
2016-09-27,SZE_600340,房地产
2015-10-01,SZE_600376,房地产
2016-09-27,SZE_600383,房地产
2015-10-01,SZE_600393,房地产
2015-10-01,SZE_600463,房地产
2016-07-11,SZE_600466,房地产
2015-10-01,SZE_600503,房地产
2015-10-01,SZE_600533,房地产
2016-08-04,SZE_600555,房地产
2016-09-12,SZE_600565,房地产
2014-07-01,SZE_600568,房地产
2013-07-01,SZE_600604,房地产
2016-09-27,SZE_600606,房地产
2016-08-04,SZE_600621,房地产
2014-07-01,SZE_600622,房地产
2015-10-01,SZE_600638,房地产
2015-10-01,SZE_600639,房地产
2015-10-01,SZE_600641,房地产
2015-10-16,SZE_600647,房地产
2016-09-27,SZE_600648,房地产
2015-10-01,SZE_600649,房地产
2016-09-27,SZE_600657,房地产
2015-10-01,SZE_600658,房地产
2016-09-27,SZE_600663,房地产
2015-10-01,SZE_600665,房地产
2015-10-01,SZE_600675,房地产
2015-10-01,SZE_600683,房地产
2015-10-01,SZE_600684,房地产
2015-10-01,SZE_600696,房地产
2016-11-17,SZE_600708,房地产
2015-10-01,SZE_600716,房地产
2013-07-01,SZE_600724,房地产
2015-10-01,SZE_600732,房地产
2015-01-18,SZE_600733,房地产
2015-10-01,SZE_600734,房地产
2015-10-01,SZE_600736,房地产
2015-10-01,SZE_600743,房地产
2015-10-01,SZE_600745,房地产
2015-10-01,SZE_600748,房地产
2015-10-01,SZE_600773,房地产
2016-12-05,SZE_600777,房地产
2015-10-01,SZE_600791,房地产
2015-10-01,SZE_600807,房地产
2016-09-27,SZE_600823,房地产
2014-01-01,SZE_600848,房地产
2015-10-01,SZE_600890,房地产
2016-09-27,SZE_600895,房地产
2015-12-24,SZE_601155,房地产
2015-10-01,SZE_601588,房地产
2015-10-16,SZE_000158,纺织服装
2015-07-01,SZE_000611,纺织服装
2008-06-02,SZE_000726,纺织服装
2008-06-02,SZE_000779,纺织服装
2008-06-02,SZE_000850,纺织服装
2011-10-10,SZE_000955,纺织服装
2016-07-05,SZE_000982,纺织服装
2011-10-10,SZE_002003,纺织服装
2011-10-10,SZE_002029,纺织服装
2016-08-10,SZE_002034,纺织服装
2016-08-10,SZE_002042,纺织服装
2016-01-18,SZE_002070,纺织服装
2008-06-02,SZE_002072,纺织服装
2008-06-02,SZE_002083,纺织服装
2008-06-02,SZE_002087,纺织服装
2015-06-25,SZE_002098,纺织服装
2015-11-02,SZE_002144,纺织服装
2011-10-10,SZE_002154,纺织服装
2016-03-25,SZE_002193,纺织服装
2015-11-02,SZE_002269,纺织服装
2011-10-10,SZE_002291,纺织服装
2011-10-10,SZE_002293,纺织服装
2011-10-10,SZE_002327,纺织服装
2016-08-22,SZE_002394,纺织服装
2016-01-25,SZE_002397,纺织服装
2010-05-10,SZE_002404,纺织服装
2016-09-13,SZE_002425,纺织服装
2011-10-10,SZE_002485,纺织服装
2015-11-02,SZE_002486,纺织服装
2016-01-01,SZE_002494,纺织服装
2016-08-16,SZE_002503,纺织服装
2016-09-13,SZE_002516,纺织服装
2011-10-10,SZE_002563,纺织服装
2011-10-10,SZE_002569,纺织服装
2015-12-16,SZE_002612,纺织服装
2011-11-25,SZE_002634,纺织服装
2016-08-10,SZE_002640,纺织服装
2016-01-04,SZE_002656,纺织服装
2012-07-02,SZE_002674,纺织服装
2016-11-01,SZE_002687,纺织服装
2016-08-10,SZE_002699,纺织服装
2014-01-22,SZE_002720,纺织服装
2015-06-15,SZE_002761,纺织服装
2015-06-15,SZE_002762,纺织服装
2015-06-15,SZE_002763,纺织服装
2015-06-18,SZE_002776,纺织服装
2015-11-26,SZE_002780,纺织服装
2017-01-05,SZE_002832,纺织服装
2016-01-01,SZE_300005,纺织服装
2016-07-18,SZE_300526,纺织服装
2017-01-20,SZE_300577,纺织服装
2016-12-25,SZE_300591,纺织服装
2011-10-10,SZE_600070,纺织服装
2011-10-10,SZE_600107,纺织服装
2011-10-10,SZE_600137,纺织服装
2008-06-02,SZE_600152,纺织服装
2008-06-02,SZE_600156,纺织服装
2011-10-10,SZE_600177,纺织服装
2008-06-02,SZE_600220,纺织服装
2008-06-02,SZE_600232,纺织服装
2008-06-02,SZE_600370,纺织服装
2011-10-10,SZE_600398,纺织服装
2011-10-10,SZE_600400,纺织服装
2015-11-02,SZE_600448,纺织服装
2008-06-02,SZE_600493,纺织服装
2008-06-02,SZE_600510,纺织服装
2016-07-26,SZE_600626,纺织服装
2011-10-10,SZE_600630,纺织服装
2008-06-02,SZE_600689,纺织服装
2016-02-19,SZE_600987,纺织服装
2016-08-10,SZE_601339,纺织服装
2011-10-10,SZE_601566,纺织服装
2015-08-31,SZE_601599,纺织服装
2016-01-01,SZE_601718,纺织服装
2012-04-18,SZE_603001,纺织服装
2015-06-18,SZE_603116,纺织服装
2017-02-09,SZE_603238,纺织服装
2014-11-25,SZE_603518,纺织服装
2016-01-01,SZE_603555,纺织服装
2016-08-10,SZE_603558,纺织服装
2016-02-22,SZE_603608,纺织服装
2017-02-24,SZE_603665,纺织服装
2016-09-12,SZE_603808,纺织服装
2017-02-09,SZE_603839,纺织服装
2016-12-25,SZE_603877,纺织服装
2016-08-10,SZE_603889,纺织服装
2017-02-24,SZE_603908,纺织服装
2016-06-24,SZE_603958,纺织服装
2015-01-19,SZE_000166,非银金融
2015-01-18,SZE_000415,非银金融
2014-01-01,SZE_000416,非银金融
2016-01-04,SZE_000563,非银金融
2016-01-10,SZE_000666,非银金融
2014-01-01,SZE_000686,非银金融
2015-01-18,SZE_000712,非银金融
2016-07-07,SZE_000728,非银金融
2015-01-18,SZE_000750,非银金融
2016-07-07,SZE_000776,非银金融
2016-07-07,SZE_000783,非银金融
2015-01-18,SZE_002500,非银金融
2015-01-18,SZE_002673,非银金融
2016-07-07,SZE_002736,非银金融
2016-04-26,SZE_002797,非银金融
2015-10-26,SZE_300023,非银金融
2016-07-07,SZE_600030,非银金融
2008-06-02,SZE_600061,非银金融
2015-01-18,SZE_600109,非银金融
2016-08-15,SZE_600291,非银金融
2015-01-18,SZE_600369,非银金融
2016-01-10,SZE_600643,非银金融
2014-01-01,SZE_600705,非银金融
2015-01-18,SZE_600747,非银金融
2017-01-03,SZE_600783,非银金融
2016-09-27,SZE_600816,非银金融
2015-01-18,SZE_600830,非银金融
2016-07-07,SZE_600837,非银金融
2016-12-01,SZE_600909,非银金融
2016-02-23,SZE_600958,非银金融
2016-07-07,SZE_600999,非银金融
2015-01-18,SZE_601099,非银金融
2016-07-07,SZE_601198,非银金融
2015-06-18,SZE_601211,非银金融
2016-07-07,SZE_601318,非银金融
2016-07-07,SZE_601336,非银金融
2016-12-11,SZE_601375,非银金融
2016-07-07,SZE_601377,非银金融
2015-08-10,SZE_601555,非银金融
2016-07-07,SZE_601601,非银金融
2016-07-07,SZE_601628,非银金融
2016-07-07,SZE_601688,非银金融
2016-07-07,SZE_601788,非银金融
2016-12-28,SZE_601881,非银金融
2015-01-18,SZE_601901,非银金融
2015-05-25,SZE_603300,非银金融
2015-07-29,SZE_000708,钢铁
2017-01-03,SZE_000709,钢铁
2008-06-02,SZE_000717,钢铁
2008-06-02,SZE_000761,钢铁
2015-10-31,SZE_000778,钢铁
2008-06-02,SZE_000825,钢铁
2016-10-26,SZE_000898,钢铁
2011-10-10,SZE_000906,钢铁
2008-06-02,SZE_000932,钢铁
2008-06-02,SZE_000959,钢铁
2016-11-17,SZE_002075,钢铁
2008-06-02,SZE_002110,钢铁
2016-08-25,SZE_002318,钢铁
2012-10-08,SZE_002443,钢铁
2012-10-08,SZE_002478,钢铁
2015-05-06,SZE_002756,钢铁
2015-10-31,SZE_600010,钢铁
2016-10-22,SZE_600019,钢铁
2008-06-02,SZE_600022,钢铁
2015-10-31,SZE_600117,钢铁
2008-06-02,SZE_600126,钢铁
2015-10-31,SZE_600231,钢铁
2008-06-02,SZE_600282,钢铁
2008-06-02,SZE_600307,钢铁
2008-06-02,SZE_600399,钢铁
2015-10-31,SZE_600507,钢铁
2008-06-02,SZE_600569,钢铁
2015-10-31,SZE_600581,钢铁
2008-06-02,SZE_600608,钢铁
2015-10-31,SZE_600782,钢铁
2011-10-10,SZE_600784,钢铁
2008-06-02,SZE_600808,钢铁
2008-06-02,SZE_601003,钢铁
2011-10-10,SZE_601005,钢铁
2016-12-01,SZE_603878,钢铁
2016-09-13,SZE_000027,公用事业
2015-11-02,SZE_000035,公用事业
2015-10-26,SZE_000037,公用事业
2015-07-01,SZE_000301,公用事业
2015-11-02,SZE_000407,公用事业
2016-05-03,SZE_000421,公用事业
2016-06-13,SZE_000531,公用事业
2016-09-13,SZE_000539,公用事业
2015-11-02,SZE_000543,公用事业
2015-10-26,SZE_000544,公用事业
2015-11-02,SZE_000593,公用事业
2015-06-02,SZE_000598,公用事业
2016-09-13,SZE_000600,公用事业
2015-11-02,SZE_000601,公用事业
2016-09-12,SZE_000605,公用事业
2015-10-31,SZE_000669,公用事业
2015-10-26,SZE_000685,公用事业
2015-11-02,SZE_000690,公用事业
2015-10-26,SZE_000692,公用事业
2015-10-26,SZE_000695,公用事业
2015-10-26,SZE_000720,公用事业
2015-11-03,SZE_000722,公用事业
2015-10-26,SZE_000767,公用事业
2015-11-02,SZE_000791,公用事业
2017-02-28,SZE_000820,公用事业
2015-11-02,SZE_000826,公用事业
2016-09-20,SZE_000862,公用事业
2016-09-26,SZE_000875,公用事业
2015-11-02,SZE_000883,公用事业
2015-10-26,SZE_000899,公用事业
2016-09-13,SZE_000920,公用事业
2015-10-31,SZE_000939,公用事业
2016-09-13,SZE_000958,公用事业
2015-10-26,SZE_000966,公用事业
2015-10-26,SZE_001896,公用事业
2016-09-13,SZE_002039,公用事业
2016-04-21,SZE_002267,公用事业
2015-10-31,SZE_002341,公用事业
2016-02-19,SZE_002479,公用事业
2015-10-26,SZE_002573,公用事业
2016-09-13,SZE_002672,公用事业
2015-10-26,SZE_002700,公用事业
2016-09-13,SZE_300055,公用事业
2010-02-08,SZE_300056,公用事业
2015-10-26,SZE_300070,公用事业
2016-09-13,SZE_300090,公用事业
2015-11-02,SZE_300125,公用事业
2015-08-14,SZE_300137,公用事业
2015-07-01,SZE_300152,公用事业
2016-09-13,SZE_300156,公用事业
2016-09-13,SZE_300172,公用事业
2015-10-26,SZE_300187,公用事业
2016-09-13,SZE_300190,公用事业
2015-11-02,SZE_300203,公用事业
2015-11-02,SZE_300262,公用事业
2015-11-02,SZE_300332,公用事业
2016-09-13,SZE_300334,公用事业
2015-10-31,SZE_300335,公用事业
2015-11-02,SZE_300388,公用事业
2015-11-02,SZE_300422,公用事业
2015-11-02,SZE_300425,公用事业
2017-03-10,SZE_300631,公用事业
2016-09-13,SZE_600008,公用事业
2015-10-26,SZE_600011,公用事业
2016-12-11,SZE_600021,公用事业
2015-11-02,SZE_600023,公用事业
2015-10-26,SZE_600027,公用事业
2016-09-13,SZE_600098,公用事业
2015-10-26,SZE_600101,公用事业
2015-10-26,SZE_600116,公用事业
2015-10-26,SZE_600131,公用事业
2008-06-02,SZE_600163,公用事业
2017-01-24,SZE_600167,公用事业
2016-09-13,SZE_600168,公用事业
2015-10-31,SZE_600187,公用事业
2016-09-26,SZE_600217,公用事业
2015-11-02,SZE_600236,公用事业
2017-02-13,SZE_600283,公用事业
2015-06-02,SZE_600292,公用事业
2015-11-02,SZE_600310,公用事业
2015-11-02,SZE_600323,公用事业
2015-11-02,SZE_600333,公用事业
2015-10-26,SZE_600396,公用事业
2016-04-21,SZE_600452,公用事业
2016-09-13,SZE_600461,公用事业
2016-09-13,SZE_600483,公用事业
2015-10-26,SZE_600505,公用事业
2015-11-02,SZE_600509,公用事业
2015-11-02,SZE_600578,公用事业
2015-10-26,SZE_600617,公用事业
2015-01-18,SZE_600635,公用事业
2015-11-02,SZE_600642,公用事业
2015-11-02,SZE_600644,公用事业
2015-11-02,SZE_600674,公用事业
2015-11-02,SZE_600681,公用事业
2015-10-26,SZE_600719,公用事业
2015-10-26,SZE_600726,公用事业
2015-10-26,SZE_600744,公用事业
2015-10-26,SZE_600758,公用事业
2015-10-26,SZE_600769,公用事业
2015-10-26,SZE_600780,公用事业
2015-11-02,SZE_600795,公用事业
2016-04-21,SZE_600856,公用事业
2015-11-02,SZE_600863,公用事业
2015-10-26,SZE_600864,公用事业
2015-10-26,SZE_600868,公用事业
2015-10-26,SZE_600874,公用事业
2015-11-02,SZE_600886,公用事业
2015-11-02,SZE_600900,公用事业
2015-11-02,SZE_600917,公用事业
2015-11-02,SZE_600969,公用事业
2015-11-02,SZE_600979,公用事业
2015-10-26,SZE_600982,公用事业
2016-06-16,SZE_600995,公用事业
2015-11-02,SZE_601016,公用事业
2015-11-02,SZE_601139,公用事业
2017-02-28,SZE_601158,公用事业
2011-03-09,SZE_601199,公用事业
2015-06-15,SZE_601368,公用事业
2015-07-01,SZE_601985,公用事业
2015-11-02,SZE_601991,公用事业
2014-07-31,SZE_603126,公用事业
2017-01-14,SZE_603177,公用事业
2016-08-31,SZE_603393,公用事业
2016-09-13,SZE_603568,公用事业
2015-10-26,SZE_603588,公用事业
2017-02-13,SZE_603603,公用事业
2017-01-12,SZE_603689,公用事业
2017-01-24,SZE_603817,公用事业
2017-02-24,SZE_603903,公用事业
2016-09-13,SZE_000738,国防军工
2015-10-26,SZE_000768,国防军工
2016-07-15,SZE_002013,国防军工
2016-09-13,SZE_002023,国防军工
2016-02-04,SZE_002151,国防军工
2016-09-13,SZE_002190,国防军工
2016-09-13,SZE_002297,国防军工
2017-02-21,SZE_002608,国防军工
2016-12-11,SZE_002829,国防军工
2016-09-13,SZE_300008,国防军工
2015-11-03,SZE_300101,国防军工
2016-07-05,SZE_300123,国防军工
2016-02-19,SZE_300424,国防军工
2015-11-03,SZE_300456,国防军工
2016-09-13,SZE_300474,国防军工
2016-09-13,SZE_300527,国防军工
2017-01-16,SZE_300581,国防军工
2017-01-05,SZE_300589,国防军工
2017-02-16,SZE_600038,国防军工
2016-09-13,SZE_600072,国防军工
2015-10-26,SZE_600118,国防军工
2015-10-26,SZE_600150,国防军工
2016-09-13,SZE_600184,国防军工
2016-09-13,SZE_600316,国防军工
2016-09-13,SZE_600343,国防军工
2015-10-26,SZE_600372,国防军工
2016-09-13,SZE_600391,国防军工
2016-09-13,SZE_600435,国防军工
2016-12-21,SZE_600562,国防军工
2015-11-03,SZE_600677,国防军工
2017-01-24,SZE_600685,国防军工
2016-09-13,SZE_600760,国防军工
2015-11-02,SZE_600862,国防军工
2016-07-04,SZE_600879,国防军工
2015-10-26,SZE_600893,国防军工
2015-10-26,SZE_600990,国防军工
2015-10-26,SZE_601890,国防军工
2015-10-31,SZE_601989,国防军工
2016-06-01,SZE_000059,化工
2016-04-14,SZE_000096,化工
2011-10-10,SZE_000159,化工
2008-06-02,SZE_000420,化工
2017-03-01,SZE_000422,化工
2017-03-01,SZE_000510,化工
2015-10-26,SZE_000523,化工
2017-01-12,SZE_000525,化工
2014-07-01,SZE_000545,化工
2017-03-01,SZE_000553,化工
2016-04-14,SZE_000554,化工
2017-03-01,SZE_000565,化工
2017-03-01,SZE_000584,化工
2017-03-01,SZE_000589,化工
2017-02-27,SZE_000599,化工
2016-08-15,SZE_000627,化工
2017-03-01,SZE_000635,化工
2016-06-15,SZE_000637,化工
2017-03-01,SZE_000662,化工
2008-06-02,SZE_000677,化工
2017-02-21,SZE_000683,化工
2016-06-01,SZE_000698,化工
2017-02-21,SZE_000703,化工
2017-02-21,SZE_000707,化工
2017-03-01,SZE_000731,化工
2017-03-01,SZE_000737,化工
2017-03-01,SZE_000755,化工
2017-03-01,SZE_000782,化工
2016-06-22,SZE_000792,化工
2017-03-01,SZE_000818,化工
2008-06-02,SZE_000819,化工
2017-02-21,SZE_000822,化工
2017-03-01,SZE_000830,化工
2017-03-01,SZE_000859,化工
2017-03-01,SZE_000902,化工
2017-03-01,SZE_000912,化工
2017-03-01,SZE_000936,化工
2017-03-01,SZE_000949,化工
2017-03-01,SZE_000950,化工
2017-03-01,SZE_000953,化工
2017-03-01,SZE_000973,化工
2016-08-16,SZE_000976,化工
2016-06-01,SZE_000985,化工
2017-03-01,SZE_002002,化工
2016-04-14,SZE_002004,化工
2016-06-04,SZE_002010,化工
2016-09-13,SZE_002015,化工
2016-09-27,SZE_002018,化工
2016-04-14,SZE_002037,化工
2016-02-19,SZE_002053,化工
2017-03-01,SZE_002054,化工
2017-01-15,SZE_002061,化工
2017-02-21,SZE_002064,化工
2017-02-27,SZE_002068,化工
2017-03-01,SZE_002080,化工
2016-03-23,SZE_002092,化工
2017-02-27,SZE_002096,化工
2017-01-15,SZE_002108,化工
2017-03-01,SZE_002109,化工
2017-03-01,SZE_002125,化工
2016-08-10,SZE_002127,化工
2017-03-01,SZE_002136,化工
2017-03-01,SZE_002145,化工
2016-06-24,SZE_002165,化工
2016-06-15,SZE_002170,化工
2016-01-19,SZE_002172,化工
2017-03-01,SZE_002201,化工
2017-02-21,SZE_002206,化工
2016-06-15,SZE_002211,化工
2017-02-28,SZE_002215,化工
2016-06-01,SZE_002221,化工
2017-03-01,SZE_002224,化工
2016-08-11,SZE_002226,化工
2014-01-01,SZE_002246,化工
2017-01-15,SZE_002250,化工
2017-02-21,SZE_002254,化工
2017-03-01,SZE_002256,化工
2016-09-20,SZE_002258,化工
2017-01-15,SZE_002263,化工
2017-03-01,SZE_002274,化工
2017-03-01,SZE_002319,化工
2017-03-01,SZE_002324,化工
2011-10-10,SZE_002326,化工
2017-03-01,SZE_002360,化工
2016-04-14,SZE_002361,化工
2017-03-01,SZE_002377,化工
2016-11-17,SZE_002381,化工
2017-03-01,SZE_002382,化工
2017-03-01,SZE_002386,化工
2016-12-12,SZE_002391,化工
2015-10-31,SZE_002395,化工
2011-10-10,SZE_002407,化工
2016-12-04,SZE_002408,化工
2016-03-01,SZE_002409,化工
2017-03-01,SZE_002427,化工
2015-10-26,SZE_002440,化工
2017-03-01,SZE_002442,化工
2010-06-29,SZE_002450,化工
2016-06-15,SZE_002453,化工
2017-03-01,SZE_002455,化工
2017-03-01,SZE_002464,化工
2016-06-15,SZE_002470,化工
2010-09-14,SZE_002476,化工
2017-02-21,SZE_002493,化工
2017-03-01,SZE_002496,化工
2010-10-27,SZE_002497,化工
2017-03-01,SZE_002513,化工
2017-03-01,SZE_002538,化工
2015-07-16,SZE_002539,化工
2011-10-10,SZE_002549,化工
2016-06-15,SZE_002556,化工
2015-10-16,SZE_002562,化工
2015-11-02,SZE_002584,化工
2016-06-04,SZE_002588,化工
2014-01-01,SZE_002591,化工
2015-11-02,SZE_002597,化工
2017-02-21,SZE_002601,化工
2015-10-31,SZE_002632,化工
2017-03-01,SZE_002637,化工
2017-02-21,SZE_002643,化工
2016-06-01,SZE_002648,化工
2016-09-12,SZE_002666,化工
2015-10-26,SZE_002669,化工
2017-02-28,SZE_002683,化工
2017-03-01,SZE_002709,化工
2016-11-09,SZE_002734,化工
2015-11-02,SZE_002741,化工
2017-03-01,SZE_002748,化工
2017-03-01,SZE_002749,化工
2017-03-01,SZE_002753,化工
2015-06-18,SZE_002768,化工
2016-06-01,SZE_002778,化工
2016-08-11,SZE_002783,化工
2016-06-24,SZE_002802,化工
2016-06-24,SZE_002805,化工
2016-08-23,SZE_002809,化工
2016-08-23,SZE_002810,化工
2016-12-19,SZE_002825,化工
2016-12-01,SZE_002827,化工
2016-12-19,SZE_002838,化工
2017-01-15,SZE_300019,化工
2016-01-27,SZE_300031,化工
2017-01-15,SZE_300037,化工
2015-10-26,SZE_300041,化工
2017-02-27,SZE_300054,化工
2017-03-01,SZE_300067,化工
2017-03-01,SZE_300072,化工
2015-11-18,SZE_300073,化工
2017-03-01,SZE_300082,化工
2017-03-01,SZE_300107,化工
2017-03-01,SZE_300108,化工
2017-03-01,SZE_300109,化工
2017-02-27,SZE_300121,化工
2010-10-12,SZE_300132,化工
2016-04-14,SZE_300135,化工
2014-01-01,SZE_300163,化工
2017-03-01,SZE_300169,化工
2015-11-02,SZE_300174,化工
2015-10-26,SZE_300180,化工
2017-03-01,SZE_300192,化工
2017-03-01,SZE_300196,化工
2017-01-22,SZE_300200,化工
2017-03-01,SZE_300214,化工
2017-03-01,SZE_300218,化工
2015-10-26,SZE_300221,化工
2017-03-01,SZE_300225,化工
2016-09-20,SZE_300230,化工
2017-02-27,SZE_300236,化工
2016-06-04,SZE_300243,化工
2017-02-21,SZE_300285,化工
2012-03-19,SZE_300305,化工
2017-03-01,SZE_300320,化工
2017-03-01,SZE_300321,化工
2012-05-22,SZE_300325,化工
2016-12-12,SZE_300387,化工
2015-11-02,SZE_300398,化工
2017-03-01,SZE_300405,化工
2017-02-21,SZE_300409,化工
2015-07-14,SZE_300429,化工
2016-09-26,SZE_300437,化工
2016-02-19,SZE_300459,化工
2015-06-15,SZE_300478,化工
2017-02-27,SZE_300481,化工
2017-01-22,SZE_300487,化工
2016-03-23,SZE_300505,化工
2016-06-24,SZE_300522,化工
2016-08-04,SZE_300530,化工
2016-08-04,SZE_300535,化工
2017-02-28,SZE_300537,化工
2016-08-23,SZE_300539,化工
2016-12-01,SZE_300568,化工
2017-02-23,SZE_300575,化工
2017-02-28,SZE_300576,化工
2016-12-19,SZE_300586,化工
2016-12-19,SZE_300587,化工
2017-01-05,SZE_300596,化工
2017-01-19,SZE_300610,化工
2016-06-01,SZE_600028,化工
2017-03-01,SZE_600063,化工
2017-03-01,SZE_600075,化工
2017-03-01,SZE_600078,化工
2017-03-01,SZE_600091,化工
2016-06-15,SZE_600096,化工
2017-03-01,SZE_600141,化工
2016-06-04,SZE_600143,化工
2015-11-12,SZE_600146,化工
2016-07-22,SZE_600155,化工
2017-03-01,SZE_600160,化工
2016-07-11,SZE_600176,化工
2017-03-01,SZE_600182,化工
2017-03-01,SZE_600227,化工
2017-03-01,SZE_600228,化工
2016-11-03,SZE_600230,化工
2016-04-14,SZE_600249,化工
2015-08-14,SZE_600256,化工
2016-06-22,SZE_600273,化工
2017-03-01,SZE_600281,化工
2016-12-12,SZE_600299,化工
2017-03-01,SZE_600301,化工
2017-02-27,SZE_600309,化工
2008-06-02,SZE_600315,化工
2017-03-01,SZE_600319,化工
2017-03-01,SZE_600328,化工
2017-03-01,SZE_600339,化工
2015-10-26,SZE_600352,化工
2017-03-01,SZE_600367,化工
2016-06-15,SZE_600378,化工
2015-08-14,SZE_600387,化工
2016-06-15,SZE_600389,化工
2017-02-21,SZE_600409,化工
2017-03-01,SZE_600423,化工
2015-11-02,SZE_600426,化工
2017-03-01,SZE_600444,化工
2017-02-21,SZE_600458,化工
2017-02-27,SZE_600469,化工
2017-03-01,SZE_600470,化工
2016-06-06,SZE_600486,化工
2016-09-27,SZE_600500,化工
2016-06-04,SZE_600527,化工
2012-07-02,SZE_600538,化工
2015-11-03,SZE_600589,化工
2017-01-22,SZE_600596,化工
2017-03-01,SZE_600618,化工
2017-03-01,SZE_600623,化工
2016-08-11,SZE_600636,化工
2016-06-01,SZE_600688,化工
2016-12-10,SZE_600691,化工
2017-03-01,SZE_600722,化工
2017-03-01,SZE_600725,化工
2017-03-01,SZE_600727,化工
2017-03-01,SZE_600731,化工
2017-03-01,SZE_600746,化工
2015-11-18,SZE_600803,化工
2017-03-01,SZE_600810,化工
2017-03-01,SZE_600844,化工
2017-02-21,SZE_600889,化工
2017-03-01,SZE_600985,化工
2017-02-27,SZE_601058,化工
2017-03-01,SZE_601113,化工
2016-08-23,SZE_601163,化工
2017-01-15,SZE_601208,化工
2017-03-01,SZE_601216,化工
2017-02-21,SZE_601233,化工
2016-09-07,SZE_601500,化工
2016-09-20,SZE_601678,化工
2016-11-07,SZE_601966,化工
2017-03-01,SZE_603002,化工
2016-04-14,SZE_603003,化工
2015-12-17,SZE_603010,化工
2017-03-01,SZE_603026,化工
2016-12-01,SZE_603033,化工
2016-09-07,SZE_603067,化工
2016-06-15,SZE_603077,化工
2017-03-01,SZE_603133,化工
2017-03-01,SZE_603188,化工
2017-03-01,SZE_603227,化工
2016-12-25,SZE_603266,化工
2016-01-07,SZE_603299,化工
2017-02-08,SZE_603330,化工
2017-03-02,SZE_603360,化工
2017-03-02,SZE_603585,化工
2017-02-23,SZE_603599,化工
2016-09-20,SZE_603601,化工
2017-01-19,SZE_603615,化工
2017-02-24,SZE_603630,化工
2017-02-20,SZE_603639,化工
2016-05-25,SZE_603737,化工
2016-09-27,SZE_603798,化工
2016-04-18,SZE_603822,化工
2016-12-11,SZE_603823,化工
2016-12-13,SZE_603928,化工
2016-09-20,SZE_603968,化工
2017-02-24,SZE_603991,化工
2017-01-04,SZE_000008,机械设备
2016-08-25,SZE_000039,机械设备
2015-10-31,SZE_000157,机械设备
2014-01-01,SZE_000410,机械设备
2014-01-01,SZE_000425,机械设备
2014-01-01,SZE_000528,机械设备
2015-10-26,SZE_000530,机械设备
2015-07-01,SZE_000551,机械设备
2014-01-01,SZE_000570,机械设备
2014-01-01,SZE_000595,机械设备
2014-01-01,SZE_000617,机械设备
2014-01-01,SZE_000676,机械设备
2014-01-01,SZE_000680,机械设备
2014-01-01,SZE_000777,机械设备
2015-08-26,SZE_000811,机械设备
2014-01-01,SZE_000816,机械设备
2016-12-29,SZE_000821,机械设备
2015-10-26,SZE_000837,机械设备
2015-10-26,SZE_000852,机械设备
2014-01-01,SZE_000856,机械设备
2014-01-01,SZE_000880,机械设备
2014-01-01,SZE_000890,机械设备
2014-01-01,SZE_000901,机械设备
2014-01-01,SZE_000923,机械设备
2016-09-30,SZE_000925,机械设备
2014-07-01,SZE_002006,机械设备
2016-04-21,SZE_002009,机械设备
2015-10-26,SZE_002021,机械设备
2016-04-21,SZE_002026,机械设备
2014-01-01,SZE_002031,机械设备
2014-01-01,SZE_002046,机械设备
2015-10-31,SZE_002073,机械设备
2014-01-01,SZE_002097,机械设备
2016-04-21,SZE_002111,机械设备
2014-01-01,SZE_002122,机械设备
2014-01-01,SZE_002132,机械设备
2014-01-01,SZE_002147,机械设备
2014-01-01,SZE_002150,机械设备
2015-10-26,SZE_002158,机械设备
2014-01-01,SZE_002164,机械设备
2008-06-02,SZE_002192,机械设备
2014-01-01,SZE_002204,机械设备
2016-06-13,SZE_002209,机械设备
2014-01-01,SZE_002248,机械设备
2014-01-01,SZE_002270,机械设备
2014-01-01,SZE_002272,机械设备
2014-01-01,SZE_002278,机械设备
2015-10-26,SZE_002282,机械设备
2014-01-01,SZE_002337,机械设备
2014-01-01,SZE_002338,机械设备
2014-01-01,SZE_002342,机械设备
2016-04-21,SZE_002347,机械设备
2015-10-31,SZE_002353,机械设备
2015-10-26,SZE_002366,机械设备
2015-10-31,SZE_002367,机械设备
2014-01-01,SZE_002423,机械设备
2016-09-30,SZE_002426,机械设备
2014-01-01,SZE_002430,机械设备
2014-01-01,SZE_002435,机械设备
2016-08-25,SZE_002438,机械设备
2015-10-31,SZE_002444,机械设备
2014-01-01,SZE_002459,机械设备
2016-09-30,SZE_002480,机械设备
2015-10-26,SZE_002483,机械设备
2014-01-01,SZE_002487,机械设备
2014-01-01,SZE_002490,机械设备
2014-01-01,SZE_002499,机械设备
2015-10-26,SZE_002509,机械设备
2016-03-01,SZE_002510,机械设备
2015-10-26,SZE_002514,机械设备
2016-12-28,SZE_002520,机械设备
2016-04-25,SZE_002523,机械设备
2014-01-01,SZE_002526,机械设备
2014-01-01,SZE_002529,机械设备
2014-01-01,SZE_002530,机械设备
2015-10-26,SZE_002532,机械设备
2014-01-01,SZE_002535,机械设备
2016-05-22,SZE_002537,机械设备
2016-06-15,SZE_002552,机械设备
2015-10-26,SZE_002559,机械设备
2016-11-14,SZE_002564,机械设备
2015-10-31,SZE_002595,机械设备
2014-01-01,SZE_002598,机械设备
2015-10-31,SZE_002611,机械设备
2015-10-26,SZE_002613,机械设备
2015-10-31,SZE_002621,机械设备
2014-01-01,SZE_002633,机械设备
2015-10-26,SZE_002639,机械设备
2014-01-01,SZE_002645,机械设备
2014-01-01,SZE_002647,机械设备
2014-01-01,SZE_002651,机械设备
2015-10-26,SZE_002658,机械设备
2015-12-09,SZE_002667,机械设备
2014-01-01,SZE_002685,机械设备
2015-08-05,SZE_002686,机械设备
2015-11-16,SZE_002689,机械设备
2016-04-21,SZE_002690,机械设备
2014-01-01,SZE_002691,机械设备
2016-12-29,SZE_002698,机械设备
2015-10-26,SZE_002722,机械设备
2016-08-25,SZE_002730,机械设备
2016-12-29,SZE_002747,机械设备
2015-05-25,SZE_002757,机械设备
2015-06-15,SZE_002760,机械设备
2017-03-10,SZE_002774,机械设备
2015-12-23,SZE_002779,机械设备
2015-12-24,SZE_002786,机械设备
2016-04-18,SZE_002793,机械设备
2016-04-26,SZE_002796,机械设备
2016-10-17,SZE_002816,机械设备
2016-10-28,SZE_002819,机械设备
2016-12-11,SZE_002833,机械设备
2016-12-19,SZE_002837,机械设备
2017-01-05,SZE_002843,机械设备
2017-01-24,SZE_002849,机械设备
2017-03-10,SZE_002857,机械设备
2015-10-26,SZE_300004,机械设备
2015-08-14,SZE_300007,机械设备
2016-12-29,SZE_300024,机械设备
2015-10-26,SZE_300034,机械设备
2014-01-01,SZE_300035,机械设备
2015-10-26,SZE_300064,机械设备
2016-02-19,SZE_300066,机械设备
2014-01-01,SZE_300080,机械设备
2015-07-01,SZE_300084,机械设备
2016-09-12,SZE_300091,机械设备
2014-01-01,SZE_300092,机械设备
2016-09-13,SZE_300095,机械设备
2016-12-29,SZE_300097,机械设备
2016-09-13,SZE_300099,机械设备
2015-08-04,SZE_300103,机械设备
2014-01-01,SZE_300112,机械设备
2016-09-13,SZE_300114,机械设备
2016-09-13,SZE_300116,机械设备
2014-01-01,SZE_300126,机械设备
2016-10-25,SZE_300145,机械设备
2014-01-01,SZE_300151,机械设备
2015-10-26,SZE_300154,机械设备
2016-09-13,SZE_300159,机械设备
2015-10-26,SZE_300161,机械设备
2014-01-01,SZE_300165,机械设备
2016-09-27,SZE_300173,机械设备
2014-01-01,SZE_300179,机械设备
2015-10-26,SZE_300185,机械设备
2014-01-01,SZE_300193,机械设备
2016-05-04,SZE_300195,机械设备
2016-12-29,SZE_300201,机械设备
2015-10-26,SZE_300210,机械设备
2015-10-31,SZE_300228,机械设备
2016-04-21,SZE_300257,机械设备
2015-11-02,SZE_300259,机械设备
2016-07-05,SZE_300260,机械设备
2015-10-26,SZE_300263,机械设备
2015-11-02,SZE_300266,机械设备
2015-08-04,SZE_300275,机械设备
2014-01-01,SZE_300276,机械设备
2014-01-01,SZE_300278,机械设备
2014-01-01,SZE_300280,机械设备
2016-08-25,SZE_300281,机械设备
2016-11-29,SZE_300293,机械设备
2015-10-31,SZE_300306,机械设备
2016-03-30,SZE_300307,机械设备
2015-08-14,SZE_300309,机械设备
2015-10-26,SZE_300338,机械设备
2016-07-19,SZE_300345,机械设备
2014-01-01,SZE_300349,机械设备
2016-09-27,SZE_300351,机械设备
2016-12-29,SZE_300354,机械设备
2015-10-26,SZE_300362,机械设备
2015-10-31,SZE_300371,机械设备
2016-12-29,SZE_300382,机械设备
2015-11-02,SZE_300385,机械设备
2014-07-31,SZE_300391,机械设备
2016-09-13,SZE_300397,机械设备
2015-10-31,SZE_300400,机械设备
2014-09-26,SZE_300402,机械设备
2014-12-19,SZE_300411,机械设备
2015-08-14,SZE_300415,机械设备
2016-12-29,SZE_300416,机械设备
2016-02-19,SZE_300417,机械设备
2016-05-09,SZE_300420,机械设备
2015-02-15,SZE_300421,机械设备
2016-12-29,SZE_300430,机械设备
2015-10-26,SZE_300434,机械设备
2015-03-16,SZE_300435,机械设备
2015-10-26,SZE_300441,机械设备
2015-10-26,SZE_300442,机械设备
2016-12-05,SZE_300443,机械设备
2016-02-19,SZE_300445,机械设备
2016-12-29,SZE_300450,机械设备
2016-12-29,SZE_300457,机械设备
2015-05-25,SZE_300461,机械设备
2015-06-15,SZE_300464,机械设备
2015-06-15,SZE_300470,机械设备
2015-10-26,SZE_300471,机械设备
2016-02-19,SZE_300472,机械设备
2015-06-18,SZE_300480,机械设备
2015-06-18,SZE_300483,机械设备
2015-10-26,SZE_300486,机械设备
2015-10-26,SZE_300488,机械设备
2016-02-03,SZE_300499,机械设备
2016-09-27,SZE_300503,机械设备
2016-04-18,SZE_300509,机械设备
2016-07-12,SZE_300512,机械设备
2016-05-25,SZE_300515,机械设备
2016-06-24,SZE_300521,机械设备
2016-08-23,SZE_300540,机械设备
2016-10-12,SZE_300549,机械设备
2016-10-17,SZE_300551,机械设备
2016-10-17,SZE_300553,机械设备
2016-10-28,SZE_300557,机械设备
2016-12-01,SZE_300567,机械设备
2016-12-01,SZE_300572,机械设备
2017-01-14,SZE_300606,机械设备
2017-01-24,SZE_300607,机械设备
2017-02-14,SZE_300619,机械设备
2017-03-10,SZE_300629,机械设备
2015-10-31,SZE_600031,机械设备
2014-01-01,SZE_600165,机械设备
2014-01-01,SZE_600169,机械设备
2016-12-29,SZE_600172,机械设备
2014-01-01,SZE_600218,机械设备
2014-01-01,SZE_600243,机械设备
2016-09-13,SZE_600262,机械设备
2014-01-01,SZE_600302,机械设备
2014-01-01,SZE_600320,机械设备
2017-02-13,SZE_600346,机械设备
2014-01-01,SZE_600375,机械设备
2014-01-01,SZE_600382,机械设备
2015-10-26,SZE_600388,机械设备
2014-01-01,SZE_600481,机械设备
2016-09-13,SZE_600495,机械设备
2016-07-19,SZE_600499,机械设备
2014-01-01,SZE_600501,机械设备
2014-01-01,SZE_600520,机械设备
2015-10-26,SZE_600526,机械设备
2014-01-01,SZE_600558,机械设备
2014-01-01,SZE_600560,机械设备
2015-10-26,SZE_600577,机械设备
2014-07-01,SZE_600579,机械设备
2014-01-01,SZE_600582,机械设备
2014-01-01,SZE_600592,机械设备
2015-10-31,SZE_600761,机械设备
2014-01-01,SZE_600765,机械设备
2014-01-01,SZE_600806,机械设备
2014-01-01,SZE_600815,机械设备
2015-10-26,SZE_600835,机械设备
2014-01-01,SZE_600841,机械设备
2014-01-01,SZE_600843,机械设备
2014-01-01,SZE_600860,机械设备
2016-04-21,SZE_600894,机械设备
2016-07-21,SZE_600960,机械设备
2014-01-01,SZE_600967,机械设备
2014-01-01,SZE_600984,机械设备
2014-01-01,SZE_600992,机械设备
2014-01-01,SZE_601002,机械设备
2016-07-06,SZE_601028,机械设备
2014-01-01,SZE_601038,机械设备
2015-10-26,SZE_601100,机械设备
2014-01-01,SZE_601106,机械设备
2014-01-01,SZE_601177,机械设备
2014-01-01,SZE_601313,机械设备
2014-01-01,SZE_601369,机械设备
2014-01-01,SZE_601608,机械设备
2014-01-01,SZE_601717,机械设备
2016-11-30,SZE_601766,机械设备
2015-10-26,SZE_601798,机械设备
2016-10-28,SZE_601882,机械设备
2014-10-24,SZE_603011,机械设备
2015-10-26,SZE_603012,机械设备
2016-04-07,SZE_603028,机械设备
2016-04-18,SZE_603029,机械设备
2016-12-01,SZE_603036,机械设备
2016-02-19,SZE_603088,机械设备
2016-08-23,SZE_603090,机械设备
2016-07-18,SZE_603111,机械设备
2016-05-25,SZE_603131,机械设备
2016-08-04,SZE_603159,机械设备
2014-09-26,SZE_603169,机械设备
2016-10-28,SZE_603203,机械设备
2016-12-11,SZE_603298,机械设备
2016-04-21,SZE_603308,机械设备
2015-05-06,SZE_603311,机械设备
2015-04-15,SZE_603315,机械设备
2015-10-26,SZE_603318,机械设备
2017-01-05,SZE_603337,机械设备
2015-08-14,SZE_603338,机械设备
2016-05-09,SZE_603339,机械设备
2016-10-28,SZE_603556,机械设备
2015-10-31,SZE_603611,机械设备
2017-01-14,SZE_603626,机械设备
2017-01-05,SZE_603638,机械设备
2017-03-10,SZE_603656,机械设备
2016-10-17,SZE_603667,机械设备
2016-01-06,SZE_603686,机械设备
2016-12-25,SZE_603690,机械设备
2015-10-31,SZE_603699,机械设备
2015-04-13,SZE_603789,机械设备
2015-12-23,SZE_603800,机械设备
2015-10-31,SZE_603901,机械设备
2017-03-01,SZE_603960,机械设备
2017-01-14,SZE_603966,机械设备
2015-02-16,SZE_603969,机械设备
2014-01-01,SZE_000021,计算机
2014-01-01,SZE_000066,计算机
2015-11-03,SZE_000555,计算机
2014-01-01,SZE_000938,计算机
2016-07-11,SZE_000948,计算机
2014-01-01,SZE_000977,计算机
2015-11-03,SZE_000997,计算机
2015-11-02,SZE_002063,计算机
2016-02-19,SZE_002065,计算机
2014-01-01,SZE_002152,计算机
2015-11-02,SZE_002153,计算机
2015-11-03,SZE_002177,计算机
2015-11-03,SZE_002195,计算机
2015-10-16,SZE_002197,计算机
2015-11-03,SZE_002230,计算机
2015-11-03,SZE_002232,计算机
2014-01-01,SZE_002236,计算机
2016-03-23,SZE_002253,计算机
2016-09-13,SZE_002268,计算机
2015-11-02,SZE_002279,计算机
2016-05-22,SZE_002280,计算机
2015-11-03,SZE_002296,计算机
2016-01-25,SZE_002308,计算机
2014-01-01,SZE_002312,计算机
2016-12-05,SZE_002331,计算机
2015-11-03,SZE_002362,计算机
2015-12-31,SZE_002368,计算机
2016-04-15,SZE_002373,计算机
2014-01-01,SZE_002376,计算机
2015-11-03,SZE_002380,计算机
2015-11-03,SZE_002383,计算机
2015-11-03,SZE_002401,计算机
2016-09-27,SZE_002405,计算机
2016-07-18,SZE_002410,计算机
2014-01-01,SZE_002415,计算机
2015-11-03,SZE_002421,计算机
2015-11-02,SZE_002439,计算机
2015-12-25,SZE_002474,计算机
2015-07-01,SZE_002512,计算机
2014-01-01,SZE_002528,计算机
2016-11-01,SZE_002577,计算机
2016-09-27,SZE_002609,计算机
2015-11-02,SZE_002642,计算机
2015-11-02,SZE_002649,计算机
2015-11-02,SZE_002657,计算机
2016-07-25,SZE_002766,计算机
2015-06-18,SZE_002771,计算机
2016-01-07,SZE_002777,计算机
2016-12-11,SZE_002835,计算机
2016-07-11,SZE_300002,计算机
2016-08-09,SZE_300010,计算机
2016-02-19,SZE_300020,计算机
2016-06-26,SZE_300033,计算机
2015-11-02,SZE_300036,计算机
2014-01-01,SZE_300042,计算机
2015-11-03,SZE_300044,计算机
2016-02-04,SZE_300045,计算机
2016-04-15,SZE_300047,计算机
2014-01-01,SZE_300051,计算机
2016-10-10,SZE_300065,计算机
2015-11-03,SZE_300074,计算机
2015-11-02,SZE_300075,计算机
2015-11-02,SZE_300079,计算机
2014-01-01,SZE_300085,计算机
2015-11-03,SZE_300096,计算机
2015-11-03,SZE_300130,计算机
2015-11-03,SZE_300150,计算机
2014-01-01,SZE_300155,计算机
2017-02-27,SZE_300166,计算机
2016-08-04,SZE_300167,计算机
2015-11-02,SZE_300168,计算机
2015-11-02,SZE_300170,计算机
2015-08-14,SZE_300177,计算机
2015-11-02,SZE_300182,计算机
2015-11-02,SZE_300188,计算机
2015-10-26,SZE_300202,计算机
2015-11-03,SZE_300209,计算机
2015-08-14,SZE_300212,计算机
2014-01-01,SZE_300229,计算机
2015-11-02,SZE_300231,计算机
2016-02-19,SZE_300235,计算机
2015-11-02,SZE_300245,计算机
2015-11-03,SZE_300248,计算机
2016-02-19,SZE_300253,计算机
2015-11-03,SZE_300264,计算机
2014-01-01,SZE_300270,计算机
2014-01-01,SZE_300271,计算机
2015-11-03,SZE_300277,计算机
2016-02-19,SZE_300287,计算机
2015-11-03,SZE_300290,计算机
2016-02-19,SZE_300297,计算机
2014-01-01,SZE_300300,计算机
2015-11-03,SZE_300302,计算机
2016-02-19,SZE_300311,计算机
2016-09-27,SZE_300324,计算机
2015-11-03,SZE_300330,计算机
2015-11-03,SZE_300333,计算机
2016-02-19,SZE_300339,计算机
2014-01-01,SZE_300348,计算机
2015-11-02,SZE_300352,计算机
2015-11-03,SZE_300365,计算机
2015-11-02,SZE_300366,计算机
2014-01-08,SZE_300367,计算机
2014-01-08,SZE_300368,计算机
2016-02-19,SZE_300369,计算机
2015-11-02,SZE_300377,计算机
2016-02-19,SZE_300378,计算机
2014-01-22,SZE_300379,计算机
2015-11-03,SZE_300380,计算机
2015-11-03,SZE_300384,计算机
2016-04-15,SZE_300386,计算机
2015-11-02,SZE_300399,计算机
2015-01-15,SZE_300419,计算机
2015-08-12,SZE_300440,计算机
2015-04-13,SZE_300448,计算机
2015-04-13,SZE_300449,计算机
2015-05-06,SZE_300451,计算机
2016-07-24,SZE_300455,计算机
2015-05-25,SZE_300462,计算机
2015-05-25,SZE_300465,计算机
2015-05-25,SZE_300468,计算机
2015-11-03,SZE_300469,计算机
2016-04-05,SZE_300479,计算机
2015-12-23,SZE_300496,计算机
2016-09-27,SZE_300508,计算机
2016-05-25,SZE_300513,计算机
2016-12-05,SZE_300520,计算机
2016-07-18,SZE_300523,计算机
2016-07-18,SZE_300525,计算机
2016-08-04,SZE_300532,计算机
2016-09-07,SZE_300541,计算机
2016-09-07,SZE_300542,计算机
2016-10-12,SZE_300546,计算机
2016-10-17,SZE_300550,计算机
2016-10-17,SZE_300552,计算机
2016-10-28,SZE_300556,计算机
2016-10-28,SZE_300559,计算机
2016-11-06,SZE_300561,计算机
2016-12-11,SZE_300579,计算机
2016-12-19,SZE_300588,计算机
2017-01-14,SZE_300598,计算机
2017-01-14,SZE_300605,计算机
2017-01-24,SZE_300608,计算机
2017-01-19,SZE_300609,计算机
2017-03-10,SZE_300627,计算机
2014-01-01,SZE_600100,计算机
2016-04-15,SZE_600271,计算机
2015-11-02,SZE_600410,计算机
2016-02-19,SZE_600446,计算机
2015-11-03,SZE_600455,计算机
2015-11-03,SZE_600476,计算机
2016-04-15,SZE_600536,计算机
2016-04-05,SZE_600570,计算机
2015-11-02,SZE_600571,计算机
2015-11-02,SZE_600588,计算机
2014-01-01,SZE_600601,计算机
2008-06-02,SZE_600602,计算机
2015-07-01,SZE_600654,计算机
2014-01-01,SZE_600680,计算机
2015-12-17,SZE_600718,计算机
2015-11-03,SZE_600728,计算机
2015-11-03,SZE_600756,计算机
2017-01-18,SZE_600764,计算机
2015-11-03,SZE_600797,计算机
2015-11-03,SZE_600845,计算机
2014-01-01,SZE_600850,计算机
2016-09-13,SZE_600855,计算机
2015-11-03,SZE_601519,计算机
2016-04-15,SZE_603019,计算机
2017-01-05,SZE_603039,计算机
2017-02-14,SZE_603138,计算机
2016-09-07,SZE_603189,计算机
2016-09-30,SZE_603508,计算机
2016-01-19,SZE_603636,计算机
2016-12-01,SZE_603660,计算机
2016-06-16,SZE_603918,计算机
2017-01-23,SZE_603990,计算机
2008-06-02,SZE_000016,家用电器
2015-11-02,SZE_000100,家用电器
2015-11-02,SZE_000333,家用电器
2011-10-10,SZE_000404,家用电器
2015-11-02,SZE_000418,家用电器
2016-12-28,SZE_000521,家用电器
2012-07-02,SZE_000533,家用电器
2015-11-02,SZE_000651,家用电器
2015-04-01,SZE_000801,家用电器
2015-07-01,SZE_000810,家用电器
2015-10-16,SZE_000921,家用电器
2016-08-22,SZE_002011,家用电器
2015-11-02,SZE_002032,家用电器
2015-08-26,SZE_002035,家用电器
2016-06-20,SZE_002050,家用电器
2015-12-14,SZE_002052,家用电器
2015-08-26,SZE_002242,家用电器
2016-02-19,SZE_002260,家用电器
2009-08-20,SZE_002290,家用电器
2015-08-26,SZE_002403,家用电器
2016-09-13,SZE_002413,家用电器
2011-10-10,SZE_002418,家用电器
2010-05-12,SZE_002420,家用电器
2015-08-26,SZE_002429,家用电器
2010-08-30,SZE_002473,家用电器
2015-11-02,SZE_002508,家用电器
2017-01-24,SZE_002519,家用电器
2015-11-02,SZE_002543,家用电器
2016-01-04,SZE_002614,家用电器
2015-10-31,SZE_002616,家用电器
2012-03-28,SZE_002668,家用电器
2012-04-06,SZE_002670,家用电器
2012-05-15,SZE_002676,家用电器
2015-11-02,SZE_002677,家用电器
2012-05-25,SZE_002681,家用电器
2014-01-08,SZE_002705,家用电器
2014-01-22,SZE_002723,家用电器
2015-08-26,SZE_002759,家用电器
2017-01-19,SZE_002848,家用电器
2015-11-03,SZE_300160,家用电器
2015-08-26,SZE_300217,家用电器
2015-08-26,SZE_300247,家用电器
2011-07-25,SZE_300249,家用电器
2011-10-21,SZE_300272,家用电器
2015-08-26,SZE_300342,家用电器
2015-10-31,SZE_300403,家用电器
2015-06-15,SZE_300475,家用电器
2015-11-02,SZE_600060,家用电器
2008-06-02,SZE_600336,家用电器
2011-10-10,SZE_600619,家用电器
2015-11-02,SZE_600690,家用电器
2008-06-02,SZE_600839,家用电器
2008-06-02,SZE_600854,家用电器
2016-06-06,SZE_600870,家用电器
2015-08-26,SZE_600983,家用电器
2017-02-19,SZE_603355,家用电器
2017-01-10,SZE_603366,家用电器
2015-08-26,SZE_603519,家用电器
2017-02-14,SZE_603578,家用电器
2017-02-28,SZE_603579,家用电器
2017-01-19,SZE_603677,家用电器
2016-04-18,SZE_603726,家用电器
2017-01-23,SZE_603868,家用电器
2015-12-24,SZE_603996,家用电器
2015-07-21,SZE_000012,建筑材料
2016-05-25,SZE_000023,建筑材料
2016-07-13,SZE_000401,建筑材料
2014-01-01,SZE_000509,建筑材料
2015-07-01,SZE_000546,建筑材料
2014-01-01,SZE_000619,建筑材料
2015-11-03,SZE_000672,建筑材料
2015-08-14,SZE_000786,建筑材料
2014-01-01,SZE_000789,建筑材料
2015-10-31,SZE_000877,建筑材料
2014-01-01,SZE_000885,建筑材料
2014-01-01,SZE_000935,建筑材料
2014-01-01,SZE_002043,建筑材料
2014-01-01,SZE_002066,建筑材料
2014-01-01,SZE_002082,建筑材料
2016-09-20,SZE_002088,建筑材料
2014-01-01,SZE_002162,建筑材料
2014-01-01,SZE_002163,建筑材料
2014-01-01,SZE_002205,建筑材料
2014-01-01,SZE_002225,建筑材料
2014-01-01,SZE_002233,建筑材料
2014-01-01,SZE_002271,建筑材料
2014-01-01,SZE_002302,建筑材料
2014-01-01,SZE_002314,建筑材料
2016-07-21,SZE_002323,建筑材料
2014-01-01,SZE_002333,建筑材料
2014-01-01,SZE_002346,建筑材料
2015-08-14,SZE_002372,建筑材料
2014-01-01,SZE_002392,建筑材料
2015-10-31,SZE_002398,建筑材料
2016-02-19,SZE_002457,建筑材料
2014-01-01,SZE_002596,建筑材料
2014-01-01,SZE_002623,建筑材料
2014-01-01,SZE_002641,建筑材料
2014-01-01,SZE_002652,建筑材料
2014-01-01,SZE_002671,建筑材料
2014-01-01,SZE_002694,建筑材料
2014-01-22,SZE_002718,建筑材料
2015-02-15,SZE_002742,建筑材料
2015-12-24,SZE_002785,建筑材料
2016-04-18,SZE_002791,建筑材料
2016-04-18,SZE_002795,建筑材料
2014-01-01,SZE_300093,建筑材料
2014-01-01,SZE_300117,建筑材料
2014-01-01,SZE_300198,建筑材料
2014-01-01,SZE_300234,建筑材料
2016-02-19,SZE_300344,建筑材料
2015-03-09,SZE_300374,建筑材料
2016-10-12,SZE_300547,建筑材料
2017-01-14,SZE_300599,建筑材料
2014-07-01,SZE_600145,建筑材料
2014-01-01,SZE_600293,建筑材料
2014-01-01,SZE_600318,建筑材料
2014-01-01,SZE_600321,建筑材料
2014-01-01,SZE_600425,建筑材料
2014-01-01,SZE_600449,建筑材料
2014-01-01,SZE_600539,建筑材料
2015-10-31,SZE_600552,建筑材料
2016-10-28,SZE_600585,建筑材料
2014-01-01,SZE_600586,建筑材料
2014-01-01,SZE_600668,建筑材料
2014-01-01,SZE_600678,建筑材料
2015-10-31,SZE_600720,建筑材料
2015-10-01,SZE_600753,建筑材料
2016-08-25,SZE_600801,建筑材料
2014-01-01,SZE_600802,建筑材料
2014-01-01,SZE_600819,建筑材料
2014-01-01,SZE_600876,建筑材料
2014-01-01,SZE_600881,建筑材料
2008-06-02,SZE_600883,建筑材料
2014-01-01,SZE_601636,建筑材料
2014-01-01,SZE_601992,建筑材料
2017-01-05,SZE_603038,建筑材料
2015-06-15,SZE_603616,建筑材料
2016-05-25,SZE_000010,建筑装饰
2016-07-29,SZE_000018,建筑装饰
2015-10-31,SZE_000055,建筑装饰
2016-12-12,SZE_000065,建筑装饰
2016-05-25,SZE_000498,建筑装饰
2016-07-29,SZE_000928,建筑装饰
2015-11-05,SZE_002047,建筑装饰
2016-05-26,SZE_002051,建筑装饰
2015-11-05,SZE_002060,建筑装饰
2016-05-25,SZE_002062,建筑装饰
2016-07-29,SZE_002081,建筑装饰
2015-11-05,SZE_002116,建筑装饰
2016-05-25,SZE_002135,建筑装饰
2017-01-09,SZE_002140,建筑装饰
2016-05-25,SZE_002178,建筑装饰
2016-11-03,SZE_002200,建筑装饰
2016-05-25,SZE_002307,建筑装饰
2016-10-21,SZE_002310,建筑装饰
2015-11-05,SZE_002325,建筑装饰
2015-11-05,SZE_002375,建筑装饰
2016-12-28,SZE_002431,建筑装饰
2016-05-25,SZE_002469,建筑装饰
2016-07-29,SZE_002482,建筑装饰
2015-11-05,SZE_002504,建筑装饰
2016-04-14,SZE_002524,建筑装饰
2016-07-29,SZE_002541,建筑装饰
2016-05-25,SZE_002542,建筑装饰
2016-05-25,SZE_002545,建筑装饰
2016-01-14,SZE_002586,建筑装饰
2016-07-29,SZE_002620,建筑装饰
2016-05-25,SZE_002628,建筑装饰
2015-11-03,SZE_002659,建筑装饰
2016-04-13,SZE_002663,建筑装饰
2016-07-29,SZE_002713,建筑装饰
2015-11-05,SZE_002717,建筑装饰
2016-08-24,SZE_002743,建筑装饰
2016-05-25,SZE_002755,建筑装饰
2016-05-25,SZE_002775,建筑装饰
2016-05-25,SZE_002781,建筑装饰
2016-03-23,SZE_002789,建筑装饰
2016-08-23,SZE_002811,建筑装饰
2016-12-01,SZE_002822,建筑装饰
2016-12-11,SZE_002830,建筑装饰
2017-03-01,SZE_002856,建筑装饰
2015-11-05,SZE_300197,建筑装饰
2015-11-05,SZE_300284,建筑装饰
2016-07-29,SZE_300355,建筑装饰
2016-05-25,SZE_300492,建筑装饰
2016-05-25,SZE_300495,建筑装饰
2016-02-03,SZE_300500,建筑装饰
2016-04-18,SZE_300506,建筑装饰
2016-06-24,SZE_300517,建筑装饰
2016-08-23,SZE_300536,建筑装饰
2017-01-05,SZE_300592,建筑装饰
2017-02-24,SZE_300621,建筑装饰
2016-05-25,SZE_600039,建筑装饰
2016-05-30,SZE_600068,建筑装饰
2016-05-25,SZE_600170,建筑装饰
2016-05-25,SZE_600209,建筑装饰
2016-05-25,SZE_600248,建筑装饰
2016-05-25,SZE_600284,建筑装饰
2016-05-25,SZE_600326,建筑装饰
2016-09-14,SZE_600477,建筑装饰
2016-08-29,SZE_600491,建筑装饰
2015-11-05,SZE_600496,建筑装饰
2017-01-03,SZE_600502,建筑装饰
2016-05-25,SZE_600512,建筑装饰
2016-05-25,SZE_600528,建筑装饰
2016-05-25,SZE_600545,建筑装饰
2016-05-25,SZE_600610,建筑装饰
2016-04-06,SZE_600629,建筑装饰
2015-11-05,SZE_600820,建筑装饰
2016-05-25,SZE_600853,建筑装饰
2017-01-14,SZE_600939,建筑装饰
2015-11-05,SZE_600970,建筑装饰
2016-05-25,SZE_600986,建筑装饰
2017-01-09,SZE_601117,建筑装饰
2016-05-25,SZE_601186,建筑装饰
2016-05-25,SZE_601226,建筑装饰
2015-11-05,SZE_601390,建筑装饰
2016-05-25,SZE_601611,建筑装饰
2015-12-09,SZE_601618,建筑装饰
2015-11-05,SZE_601668,建筑装饰
2016-05-25,SZE_601669,建筑装饰
2014-01-01,SZE_601789,建筑装饰
2016-05-25,SZE_601800,建筑装饰
2016-07-29,SZE_601886,建筑装饰
2016-07-18,SZE_603007,建筑装饰
2015-11-05,SZE_603017,建筑装饰
2016-07-29,SZE_603018,建筑装饰
2016-07-29,SZE_603030,建筑装饰
2016-12-01,SZE_603098,建筑装饰
2017-02-14,SZE_603388,建筑装饰
2017-01-14,SZE_603637,建筑装饰
2016-05-25,SZE_603698,建筑装饰
2017-02-24,SZE_603717,建筑装饰
2016-05-25,SZE_603778,建筑装饰
2016-05-25,SZE_603828,建筑装饰
2016-08-04,SZE_603843,建筑装饰
2016-09-07,SZE_603887,建筑装饰
2016-06-24,SZE_603909,建筑装饰
2016-12-13,SZE_603929,建筑装饰
2017-01-24,SZE_603955,建筑装饰
2016-05-09,SZE_603959,建筑装饰
2015-01-19,SZE_000022,交通运输
2015-01-19,SZE_000088,交通运输
2015-10-26,SZE_000089,交通运输
2015-10-26,SZE_000099,交通运输
2015-01-19,SZE_000429,交通运输
2015-01-19,SZE_000507,交通运输
2016-02-19,SZE_000520,交通运输
2015-01-19,SZE_000548,交通运输
2016-08-29,SZE_000582,交通运输
2015-01-19,SZE_000828,交通运输
2014-07-01,SZE_000886,交通运输
2015-01-19,SZE_000900,交通运输
2015-01-19,SZE_000905,交通运输
2015-01-19,SZE_000916,交通运输
2015-01-19,SZE_002040,交通运输
2017-02-28,SZE_002120,交通运输
2015-10-31,SZE_002183,交通运输
2016-01-25,SZE_002210,交通运输
2015-10-26,SZE_002245,交通运输
2015-10-31,SZE_002320,交通运输
2017-03-01,SZE_002352,交通运输
2016-08-15,SZE_002357,交通运输
2017-03-01,SZE_002468,交通运输
2016-11-17,SZE_002492,交通运输
2015-10-31,SZE_002627,交通运输
2015-10-26,SZE_002711,交通运输
2015-10-23,SZE_002769,交通运输
2016-05-25,SZE_002800,交通运输
2015-10-26,SZE_300013,交通运输
2015-10-31,SZE_300240,交通运输
2015-10-26,SZE_300350,交通运输
2016-08-23,SZE_300538,交通运输
2015-10-26,SZE_600004,交通运输
2015-10-26,SZE_600009,交通运输
2015-01-19,SZE_600012,交通运输
2015-10-26,SZE_600017,交通运输
2015-10-26,SZE_600018,交通运输
2015-01-19,SZE_600020,交通运输
2015-09-11,SZE_600026,交通运输
2015-10-26,SZE_600029,交通运输
2015-01-19,SZE_600033,交通运输
2016-07-26,SZE_600035,交通运输
2015-10-26,SZE_600057,交通运输
2015-01-19,SZE_600106,交通运输
2015-10-26,SZE_600115,交通运输
2015-10-31,SZE_600119,交通运输
2015-10-26,SZE_600125,交通运输
2015-10-26,SZE_600153,交通运输
2015-01-19,SZE_600180,交通运输
2015-01-19,SZE_600190,交通运输
2015-10-26,SZE_600221,交通运输
2017-03-01,SZE_600233,交通运输
2015-01-19,SZE_600242,交通运输
2015-01-19,SZE_600269,交通运输
2015-10-26,SZE_600270,交通运输
2015-01-19,SZE_600279,交通运输
2015-01-19,SZE_600317,交通运输
2015-09-11,SZE_600350,交通运输
2015-01-19,SZE_600368,交通运输
2015-10-26,SZE_600377,交通运输
2015-10-31,SZE_600428,交通运输
2015-01-19,SZE_600548,交通运输
2015-11-02,SZE_600561,交通运输
2016-05-27,SZE_600575,交通运输
2015-10-26,SZE_600611,交通运输
2015-10-26,SZE_600650,交通运输
2015-10-26,SZE_600662,交通运输
2015-01-19,SZE_600692,交通运输
2015-01-19,SZE_600717,交通运输
2015-01-19,SZE_600751,交通运输
2008-06-02,SZE_600787,交通运输
2015-11-02,SZE_600794,交通运输
2015-01-19,SZE_600798,交通运输
2015-10-31,SZE_600834,交通运输
2015-01-19,SZE_600896,交通运输
2015-10-26,SZE_600897,交通运输
2015-10-31,SZE_601000,交通运输
2015-08-26,SZE_601006,交通运输
2015-01-19,SZE_601008,交通运输
2015-10-31,SZE_601018,交通运输
2015-10-26,SZE_601021,交通运输
2015-01-19,SZE_601107,交通运输
2015-10-26,SZE_601111,交通运输
2015-01-19,SZE_601188,交通运输
2017-03-10,SZE_601228,交通运输
2015-10-26,SZE_601333,交通运输
2015-01-19,SZE_601518,交通运输
2015-01-19,SZE_601866,交通运输
2015-01-19,SZE_601872,交通运输
2015-01-19,SZE_601880,交通运输
2015-10-26,SZE_601919,交通运输
2016-12-19,SZE_603032,交通运输
2016-01-25,SZE_603066,交通运输
2016-06-24,SZE_603069,交通运输
2015-06-18,SZE_603117,交通运输
2016-08-19,SZE_603128,交通运输
2015-07-01,SZE_603167,交通运输
2016-09-27,SZE_603223,交通运输
2016-08-03,SZE_603569,交通运输
2015-10-26,SZE_603885,交通运输
2015-11-06,SZE_000034,农林牧渔
2015-11-03,SZE_000048,农林牧渔
2015-11-02,SZE_000592,农林牧渔
2015-11-03,SZE_000639,农林牧渔
2015-11-03,SZE_000702,农林牧渔
2015-11-03,SZE_000713,农林牧渔
2015-11-03,SZE_000735,农林牧渔
2015-11-03,SZE_000798,农林牧渔
2015-11-03,SZE_000876,农林牧渔
2015-11-03,SZE_000893,农林牧渔
2015-11-03,SZE_000911,农林牧渔
2016-12-21,SZE_000930,农林牧渔
2015-11-03,SZE_000972,农林牧渔
2015-11-03,SZE_000998,农林牧渔
2015-11-03,SZE_002041,农林牧渔
2015-11-03,SZE_002069,农林牧渔
2015-12-07,SZE_002086,农林牧渔
2016-04-28,SZE_002100,农林牧渔
2015-11-03,SZE_002124,农林牧渔
2015-11-03,SZE_002157,农林牧渔
2016-02-19,SZE_002173,农林牧渔
2016-07-05,SZE_002220,农林牧渔
2015-11-03,SZE_002234,农林牧渔
2016-05-16,SZE_002286,农林牧渔
2015-11-10,SZE_002299,农林牧渔
2015-11-03,SZE_002311,农林牧渔
2015-12-14,SZE_002321,农林牧渔
2015-11-03,SZE_002385,农林牧渔
2015-11-03,SZE_002447,农林牧渔
2015-11-03,SZE_002458,农林牧渔
2015-11-03,SZE_002477,农林牧渔
2015-11-03,SZE_002505,农林牧渔
2015-11-03,SZE_002548,农林牧渔
2016-05-23,SZE_002567,农林牧渔
2015-10-26,SZE_002604,农林牧渔
2015-11-03,SZE_002679,农林牧渔
2015-12-15,SZE_002688,农林牧渔
2015-11-03,SZE_002696,农林牧渔
2015-11-03,SZE_002714,农林牧渔
2015-11-03,SZE_002746,农林牧渔
2015-11-03,SZE_002772,农林牧渔
2017-02-24,SZE_002852,农林牧渔
2015-10-26,SZE_300021,农林牧渔
2015-11-03,SZE_300087,农林牧渔
2015-11-03,SZE_300094,农林牧渔
2015-11-03,SZE_300106,农林牧渔
2015-11-03,SZE_300119,农林牧渔
2017-02-28,SZE_300138,农林牧渔
2015-11-03,SZE_300143,农林牧渔
2016-02-19,SZE_300149,农林牧渔
2015-11-03,SZE_300175,农林牧渔
2015-11-02,SZE_300189,农林牧渔
2015-11-03,SZE_300268,农林牧渔
2015-11-03,SZE_300313,农林牧渔
2015-11-02,SZE_300498,农林牧渔
2016-04-18,SZE_300511,农林牧渔
2015-11-03,SZE_600097,农林牧渔
2015-11-03,SZE_600108,农林牧渔
2015-11-03,SZE_600127,农林牧渔
2015-11-03,SZE_600189,农林牧渔
2016-09-28,SZE_600191,农林牧渔
2015-11-03,SZE_600195,农林牧渔
2015-11-03,SZE_600201,农林牧渔
2015-11-03,SZE_600226,农林牧渔
2016-06-15,SZE_600251,农林牧渔
2015-11-03,SZE_600257,农林牧渔
2015-11-03,SZE_600265,农林牧渔
2017-02-28,SZE_600298,农林牧渔
2015-11-03,SZE_600313,农林牧渔
2015-11-03,SZE_600354,农林牧渔
2015-11-03,SZE_600359,农林牧渔
2015-11-03,SZE_600371,农林牧渔
2015-11-03,SZE_600438,农林牧渔
2015-11-03,SZE_600467,农林牧渔
2015-11-03,SZE_600506,农林牧渔
2015-11-03,SZE_600540,农林牧渔
2015-11-03,SZE_600598,农林牧渔
2015-11-03,SZE_600695,农林牧渔
2015-11-03,SZE_600737,农林牧渔
2017-01-09,SZE_600873,农林牧渔
2015-11-03,SZE_600962,农林牧渔
2016-01-26,SZE_600965,农林牧渔
2015-11-03,SZE_600975,农林牧渔
2015-11-03,SZE_601118,农林牧渔
2016-11-06,SZE_603336,农林牧渔
2016-02-22,SZE_603566,农林牧渔
2015-11-03,SZE_603609,农林牧渔
2016-12-01,SZE_603668,农林牧渔
2016-02-05,SZE_603718,农林牧渔
2014-01-01,SZE_000017,汽车
2014-01-01,SZE_000025,汽车
2014-01-01,SZE_000030,汽车
2016-07-21,SZE_000338,汽车
2014-01-01,SZE_000550,汽车
2016-07-21,SZE_000559,汽车
2016-07-21,SZE_000572,汽车
2016-09-26,SZE_000581,汽车
2016-02-19,SZE_000622,汽车
2017-01-10,SZE_000625,汽车
2016-07-21,SZE_000678,汽车
2016-02-26,SZE_000700,汽车
2016-07-21,SZE_000710,汽车
2016-07-21,SZE_000753,汽车
2014-01-01,SZE_000757,汽车
2016-07-21,SZE_000760,汽车
2016-07-21,SZE_000800,汽车
2016-07-21,SZE_000868,汽车
2016-07-21,SZE_000887,汽车
2016-07-18,SZE_000903,汽车
2016-07-21,SZE_000913,汽车
2016-07-21,SZE_000927,汽车
2016-07-21,SZE_000951,汽车
2016-02-19,SZE_000957,汽车
2016-12-12,SZE_000980,汽车
2015-11-01,SZE_000996,汽车
2016-08-25,SZE_001696,汽车
2016-07-21,SZE_002048,汽车
2016-12-19,SZE_002085,汽车
2016-07-21,SZE_002101,汽车
2017-02-18,SZE_002105,汽车
2015-10-31,SZE_002126,汽车
2016-07-21,SZE_002213,汽车
2011-10-10,SZE_002239,汽车
2016-07-21,SZE_002265,汽车
2016-07-21,SZE_002283,汽车
2016-03-03,SZE_002284,汽车
2016-07-21,SZE_002328,汽车
2016-07-21,SZE_002355,汽车
2015-08-14,SZE_002363,汽车
2016-07-21,SZE_002406,汽车
2016-07-21,SZE_002434,汽车
2016-07-21,SZE_002448,汽车
2016-07-21,SZE_002454,汽车
2015-10-26,SZE_002472,汽车
2016-07-21,SZE_002488,汽车
2016-07-21,SZE_002536,汽车
2016-07-21,SZE_002553,汽车
2014-01-01,SZE_002590,汽车
2016-07-21,SZE_002592,汽车
2016-07-21,SZE_002593,汽车
2016-07-21,SZE_002594,汽车
2016-07-21,SZE_002602,汽车
2016-04-11,SZE_002607,汽车
2016-07-21,SZE_002625,汽车
2015-12-23,SZE_002662,汽车
2016-06-15,SZE_002664,汽车
2016-07-21,SZE_002682,汽车
2015-10-31,SZE_002684,汽车
2016-07-21,SZE_002703,汽车
2016-07-21,SZE_002708,汽车
2016-07-21,SZE_002715,汽车
2016-07-21,SZE_002725,汽车
2016-06-06,SZE_002765,汽车
2015-12-30,SZE_300100,汽车
2016-07-21,SZE_300176,汽车
2016-07-21,SZE_300237,汽车
2016-07-21,SZE_300258,汽车
2016-07-21,SZE_300304,汽车
2016-07-21,SZE_300375,汽车
2016-02-19,SZE_300432,汽车
2016-07-21,SZE_300473,汽车
2016-04-18,SZE_300507,汽车
2016-12-11,SZE_300580,汽车
2016-12-19,SZE_300585,汽车
2017-02-08,SZE_300611,汽车
2016-07-21,SZE_600006,汽车
2017-01-16,SZE_600066,汽车
2016-07-21,SZE_600081,汽车
2016-07-21,SZE_600093,汽车
2016-07-21,SZE_600099,汽车
2016-07-21,SZE_600104,汽车
2016-07-21,SZE_600148,汽车
2016-07-21,SZE_600166,汽车
2016-07-21,SZE_600178,汽车
2016-07-21,SZE_600213,汽车
2016-07-21,SZE_600297,汽车
2014-01-01,SZE_600303,汽车
2016-07-21,SZE_600335,汽车
2016-07-21,SZE_600418,汽车
2016-07-21,SZE_600480,汽车
2016-09-13,SZE_600482,汽车
2014-01-01,SZE_600523,汽车
2016-07-21,SZE_600609,汽车
2016-07-21,SZE_600653,汽车
2016-07-21,SZE_600660,汽车
2015-10-26,SZE_600676,汽车
2014-01-01,SZE_600679,汽车
2016-12-20,SZE_600686,汽车
2014-01-01,SZE_600698,汽车
2016-07-21,SZE_600699,汽车
2016-07-21,SZE_600741,汽车
2016-07-21,SZE_600742,汽车
2016-07-21,SZE_600805,汽车
2016-07-21,SZE_600877,汽车
2016-05-25,SZE_601127,汽车
2016-07-21,SZE_601238,汽车
2016-07-21,SZE_601258,汽车
2016-07-21,SZE_601311,汽车
2016-07-21,SZE_601633,汽车
2016-07-21,SZE_601689,汽车
2016-07-21,SZE_601777,汽车
2016-03-01,SZE_601799,汽车
2014-01-01,SZE_601965,汽车
2016-07-21,SZE_603006,汽车
2016-07-21,SZE_603009,汽车
2016-07-21,SZE_603023,汽车
2016-12-19,SZE_603035,汽车
2016-12-25,SZE_603037,汽车
2017-01-24,SZE_603040,汽车
2016-09-26,SZE_603085,汽车
2017-01-14,SZE_603089,汽车
2016-07-21,SZE_603158,汽车
2016-07-21,SZE_603166,汽车
2017-02-24,SZE_603178,汽车
2017-03-01,SZE_603179,汽车
2017-02-13,SZE_603239,汽车
2016-07-21,SZE_603306,汽车
2016-10-28,SZE_603319,汽车
2017-01-14,SZE_603358,汽车
2016-01-25,SZE_603377,汽车
2016-04-18,SZE_603528,汽车
2016-04-18,SZE_603701,汽车
2016-04-21,SZE_603766,汽车
2017-02-14,SZE_603768,汽车
2016-09-26,SZE_603788,汽车
2016-07-21,SZE_603997,汽车
2016-03-08,SZE_000026,轻工制造
2015-11-02,SZE_000488,轻工制造
2015-11-03,SZE_000576,轻工制造
2015-08-26,SZE_000587,轻工制造
2008-06-02,SZE_000659,轻工制造
2015-11-03,SZE_000663,轻工制造
2008-06-02,SZE_000812,轻工制造
2015-11-02,SZE_000815,轻工制造
2010-10-08,SZE_000833,轻工制造
2015-11-02,SZE_000910,轻工制造
2008-06-02,SZE_002012,轻工制造
2015-11-02,SZE_002014,轻工制造
2017-01-25,SZE_002067,轻工制造
2017-01-18,SZE_002078,轻工制造
2015-11-02,SZE_002084,轻工制造
2015-12-03,SZE_002094,轻工制造
2016-11-02,SZE_002102,轻工制造
2016-02-02,SZE_002103,轻工制造
2015-11-02,SZE_002117,轻工制造
2015-11-02,SZE_002191,轻工制造
2015-11-02,SZE_002228,轻工制造
2016-08-15,SZE_002229,轻工制造
2008-06-02,SZE_002235,轻工制造
2011-10-10,SZE_002240,轻工制造
2015-11-02,SZE_002243,轻工制造
2015-11-02,SZE_002247,轻工制造
2008-06-25,SZE_002259,轻工制造
2016-02-19,SZE_002301,轻工制造
2015-11-02,SZE_002303,轻工制造
2015-11-11,SZE_002345,轻工制造
2011-10-10,SZE_002348,轻工制造
2010-03-01,SZE_002374,轻工制造
2015-11-02,SZE_002489,轻工制造
2015-11-02,SZE_002511,轻工制造
2015-11-02,SZE_002521,轻工制造
2010-12-01,SZE_002522,轻工制造
2016-02-29,SZE_002565,轻工制造
2015-10-16,SZE_002571,轻工制造
2015-11-02,SZE_002572,轻工制造
2016-11-09,SZE_002574,轻工制造
2015-11-02,SZE_002575,轻工制造
2017-01-15,SZE_002585,轻工制造
2011-07-06,SZE_002599,轻工制造
2015-11-02,SZE_002605,轻工制造
2016-07-05,SZE_002615,轻工制造
2011-11-02,SZE_002631,轻工制造
2015-11-02,SZE_002678,轻工制造
2015-11-02,SZE_002701,轻工制造
2015-11-02,SZE_002721,轻工制造
2014-10-24,SZE_002731,轻工制造
2014-11-25,SZE_002735,轻工制造
2015-01-15,SZE_002740,轻工制造
2015-04-13,SZE_002751,轻工制造
2015-04-13,SZE_002752,轻工制造
2016-01-07,SZE_002787,轻工制造
2016-03-04,SZE_002790,轻工制造
2016-05-09,SZE_002798,轻工制造
2016-05-25,SZE_002799,轻工制造
2016-06-24,SZE_002803,轻工制造
2016-09-07,SZE_002812,轻工制造
2016-12-01,SZE_002831,轻工制造
2016-12-25,SZE_002836,轻工制造
2017-01-14,SZE_002846,轻工制造
2017-02-24,SZE_002853,轻工制造
2016-02-19,SZE_300057,轻工制造
2011-10-10,SZE_300061,轻工制造
2010-06-07,SZE_300089,轻工制造
2015-11-02,SZE_300329,轻工制造
2016-02-04,SZE_300501,轻工制造
2017-02-14,SZE_300616,轻工制造
2008-06-02,SZE_600069,轻工制造
2016-05-29,SZE_600076,轻工制造
2011-10-10,SZE_600086,轻工制造
2008-06-02,SZE_600103,轻工制造
2015-10-31,SZE_600135,轻工制造
2015-11-02,SZE_600210,轻工制造
2008-06-02,SZE_600235,轻工制造
2008-06-02,SZE_600308,轻工制造
2015-11-02,SZE_600337,轻工制造
2016-04-27,SZE_600356,轻工制造
2008-06-02,SZE_600433,轻工制造
2015-11-02,SZE_600439,轻工制造
2016-12-29,SZE_600567,轻工制造
2008-06-02,SZE_600599,轻工制造
2011-10-10,SZE_600612,轻工制造
2008-06-02,SZE_600793,轻工制造
2008-06-02,SZE_600836,轻工制造
2015-12-19,SZE_600963,轻工制造
2008-06-02,SZE_600966,轻工制造
2015-11-02,SZE_600978,轻工制造
2016-08-11,SZE_601515,轻工制造
2015-06-15,SZE_601968,轻工制造
2011-09-20,SZE_601996,轻工制造
2015-11-02,SZE_603008,轻工制造
2015-11-02,SZE_603021,轻工制造
2015-05-06,SZE_603022,轻工制造
2016-12-11,SZE_603058,轻工制造
2016-12-28,SZE_603165,轻工制造
2017-01-19,SZE_603208,轻工制造
2016-06-16,SZE_603268,轻工制造
2016-10-12,SZE_603313,轻工制造
2016-12-01,SZE_603389,轻工制造
2015-12-23,SZE_603398,轻工制造
2017-01-14,SZE_603429,轻工制造
2015-01-15,SZE_603600,轻工制造
2017-02-10,SZE_603816,轻工制造
2015-11-02,SZE_603818,轻工制造
2017-03-10,SZE_603833,轻工制造
2016-07-04,SZE_603838,轻工制造
2015-11-02,SZE_603898,轻工制造
2015-11-02,SZE_603899,轻工制造
2014-01-01,SZE_000058,商业贸易
2016-08-11,SZE_000061,商业贸易
2015-10-31,SZE_000062,商业贸易
2010-10-08,SZE_000151,商业贸易
2017-02-27,SZE_000408,商业贸易
2015-10-31,SZE_000417,商业贸易
2014-01-01,SZE_000419,商业贸易
2015-10-31,SZE_000501,商业贸易
2015-11-02,SZE_000516,商业贸易
2014-01-01,SZE_000560,商业贸易
2014-01-01,SZE_000564,商业贸易
2011-10-10,SZE_000626,商业贸易
2015-07-01,SZE_000679,商业贸易
2014-01-01,SZE_000715,商业贸易
2015-10-31,SZE_000759,商业贸易
2014-01-01,SZE_000785,商业贸易
2014-01-01,SZE_000829,商业贸易
2015-10-31,SZE_000861,商业贸易
2014-01-01,SZE_000882,商业贸易
2015-10-31,SZE_000987,商业贸易
2015-10-31,SZE_002024,商业贸易
2015-10-31,SZE_002091,商业贸易
2015-10-31,SZE_002187,商业贸易
2015-10-31,SZE_002251,商业贸易
2016-08-19,SZE_002264,商业贸易
2015-10-31,SZE_002277,商业贸易
2014-01-01,SZE_002336,商业贸易
2016-08-19,SZE_002344,商业贸易
2015-10-31,SZE_002416,商业贸易
2014-01-01,SZE_002419,商业贸易
2014-01-01,SZE_002561,商业贸易
2015-10-31,SZE_002697,商业贸易
2016-11-06,SZE_002818,商业贸易
2015-11-03,SZE_300022,商业贸易
2016-02-19,SZE_300413,商业贸易
2017-02-24,SZE_300622,商业贸易
2008-06-02,SZE_600058,商业贸易
2015-10-01,SZE_600082,商业贸易
2016-02-18,SZE_600120,商业贸易
2015-10-31,SZE_600122,商业贸易
2008-06-02,SZE_600128,商业贸易
2008-06-02,SZE_600241,商业贸易
2009-06-01,SZE_600247,商业贸易
2008-06-02,SZE_600250,商业贸易
2008-06-02,SZE_600278,商业贸易
2015-10-31,SZE_600280,商业贸易
2008-06-02,SZE_600287,商业贸易
2014-01-01,SZE_600306,商业贸易
2015-10-31,SZE_600327,商业贸易
2014-01-01,SZE_600361,商业贸易
2016-08-19,SZE_600415,商业贸易
2014-01-01,SZE_600515,商业贸易
2008-06-02,SZE_600605,商业贸易
2015-10-31,SZE_600628,商业贸易
2015-10-31,SZE_600655,商业贸易
2015-10-31,SZE_600682,商业贸易
2014-01-01,SZE_600693,商业贸易
2014-01-01,SZE_600694,商业贸易
2015-10-31,SZE_600697,商业贸易
2016-02-19,SZE_600704,商业贸易
2014-01-01,SZE_600712,商业贸易
2014-01-01,SZE_600723,商业贸易
2016-08-19,SZE_600729,商业贸易
2011-10-10,SZE_600735,商业贸易
2014-01-01,SZE_600738,商业贸易
2016-04-14,SZE_600739,商业贸易
2008-06-02,SZE_600755,商业贸易
2014-01-01,SZE_600774,商业贸易
2015-10-31,SZE_600778,商业贸易
2014-01-01,SZE_600785,商业贸易
2014-01-01,SZE_600790,商业贸易
2016-11-17,SZE_600814,商业贸易
2014-01-01,SZE_600821,商业贸易
2008-06-02,SZE_600822,商业贸易
2015-10-31,SZE_600824,商业贸易
2016-08-19,SZE_600826,商业贸易
2015-10-31,SZE_600827,商业贸易
2015-10-31,SZE_600828,商业贸易
2014-01-01,SZE_600838,商业贸易
2009-06-01,SZE_600857,商业贸易
2015-10-31,SZE_600858,商业贸易
2015-10-31,SZE_600859,商业贸易
2014-01-01,SZE_600861,商业贸易
2015-10-31,SZE_600865,商业贸易
2014-01-01,SZE_600891,商业贸易
2014-01-01,SZE_600898,商业贸易
2008-06-02,SZE_600981,商业贸易
2014-01-01,SZE_601010,商业贸易
2014-01-01,SZE_601116,商业贸易
2015-10-31,SZE_601933,商业贸易
2016-04-18,SZE_603101,商业贸易
2016-08-11,SZE_603123,商业贸易
2016-12-01,SZE_603708,商业贸易
2016-11-06,SZE_603900,商业贸易
2016-08-23,SZE_603977,商业贸易
2016-07-05,SZE_000019,食品饮料
2015-10-26,SZE_000557,食品饮料
2016-10-25,SZE_000568,食品饮料
2016-10-25,SZE_000596,食品饮料
2016-07-05,SZE_000716,食品饮料
2016-07-05,SZE_000729,食品饮料
2016-07-05,SZE_000752,食品饮料
2016-10-25,SZE_000799,食品饮料
2016-07-05,SZE_000848,食品饮料
2016-10-25,SZE_000858,食品饮料
2016-07-05,SZE_000860,食品饮料
2016-07-05,SZE_000869,食品饮料
2016-07-05,SZE_000895,食品饮料
2016-07-05,SZE_000929,食品饮料
2016-07-05,SZE_000995,食品饮料
2017-02-28,SZE_002216,食品饮料
2016-10-25,SZE_002304,食品饮料
2015-08-04,SZE_002329,食品饮料
2015-11-17,SZE_002330,食品饮料
2015-07-14,SZE_002387,食品饮料
2016-07-05,SZE_002461,食品饮料
2016-02-19,SZE_002481,食品饮料
2016-07-05,SZE_002495,食品饮料
2016-07-05,SZE_002507,食品饮料
2011-10-10,SZE_002515,食品饮料
2015-10-26,SZE_002525,食品饮料
2017-02-28,SZE_002557,食品饮料
2017-02-28,SZE_002568,食品饮料
2017-02-28,SZE_002570,食品饮料
2016-07-05,SZE_002582,食品饮料
2015-10-26,SZE_002646,食品饮料
2016-07-05,SZE_002650,食品饮料
2017-02-28,SZE_002661,食品饮料
2016-07-05,SZE_002695,食品饮料
2016-07-05,SZE_002702,食品饮料
2016-07-05,SZE_002719,食品饮料
2016-07-05,SZE_002726,食品饮料
2016-11-02,SZE_002732,食品饮料
2016-07-05,SZE_002770,食品饮料
2016-12-27,SZE_002820,食品饮料
2016-12-19,SZE_002840,食品饮料
2017-01-14,SZE_002847,食品饮料
2017-02-28,SZE_300146,食品饮料
2016-07-05,SZE_600059,食品饮料
2016-07-05,SZE_600073,食品饮料
2015-10-26,SZE_600084,食品饮料
2015-10-26,SZE_600090,食品饮料
2017-02-28,SZE_600132,食品饮料
2015-11-03,SZE_600186,食品饮料
2016-10-25,SZE_600197,食品饮料
2016-10-25,SZE_600199,食品饮料
2015-10-26,SZE_600238,食品饮料
2016-07-05,SZE_600300,食品饮料
2017-02-28,SZE_600305,食品饮料
2016-07-05,SZE_600365,食品饮料
2009-06-01,SZE_600381,食品饮料
2016-07-05,SZE_600429,食品饮料
2016-07-05,SZE_600519,食品饮料
2015-10-26,SZE_600543,食品饮料
2015-10-26,SZE_600559,食品饮料
2015-10-26,SZE_600573,食品饮料
2017-02-28,SZE_600597,食品饮料
2017-02-28,SZE_600600,食品饮料
2016-07-05,SZE_600616,食品饮料
2016-10-25,SZE_600702,食品饮料
2016-10-25,SZE_600779,食品饮料
2016-10-25,SZE_600809,食品饮料
2016-07-05,SZE_600866,食品饮料
2017-02-28,SZE_600872,食品饮料
2017-02-28,SZE_600887,食品饮料
2015-10-26,SZE_601579,食品饮料
2016-07-05,SZE_603020,食品饮料
2016-03-04,SZE_603027,食品饮料
2016-08-23,SZE_603031,食品饮料
2016-10-25,SZE_603198,食品饮料
2017-02-28,SZE_603288,食品饮料
2017-03-02,SZE_603345,食品饮料
2016-10-25,SZE_603369,食品饮料
2017-03-01,SZE_603517,食品饮料
2016-11-02,SZE_603589,食品饮料
2015-12-23,SZE_603696,食品饮料
2016-11-02,SZE_603777,食品饮料
2016-04-26,SZE_603779,食品饮料
2017-02-28,SZE_603866,食品饮料
2016-12-11,SZE_603886,食品饮料
2016-03-04,SZE_603919,食品饮料
2016-11-01,SZE_000032,通信
2015-11-03,SZE_000063,通信
2016-02-19,SZE_000070,通信
2016-11-07,SZE_000547,通信
2016-09-13,SZE_000561,通信
2016-11-01,SZE_000586,通信
2016-09-13,SZE_000687,通信
2015-10-01,SZE_000836,通信
2015-11-03,SZE_000851,通信
2014-07-01,SZE_000889,通信
2015-11-03,SZE_000971,通信
2016-05-22,SZE_002017,通信
2016-09-13,SZE_002089,通信
2014-01-01,SZE_002093,通信
2015-11-03,SZE_002104,通信
2016-02-04,SZE_002115,通信
2016-02-04,SZE_002194,通信
2016-11-01,SZE_002231,通信
2016-02-04,SZE_002281,通信
2016-11-01,SZE_002313,通信
2015-11-03,SZE_002316,通信
2016-02-04,SZE_002396,通信
2016-11-01,SZE_002417,通信
2015-11-03,SZE_002446,通信
2016-09-13,SZE_002465,通信
2017-02-10,SZE_002467,通信
2016-09-26,SZE_002491,通信
2016-08-21,SZE_002544,通信
2016-05-22,SZE_002583,通信
2016-12-05,SZE_002792,通信
2016-12-05,SZE_002813,通信
2015-11-03,SZE_300017,通信
2016-11-01,SZE_300025,通信
2015-11-02,SZE_300028,通信
2016-05-22,SZE_300038,通信
2015-11-03,SZE_300050,通信
2014-01-01,SZE_300081,通信
2016-11-01,SZE_300098,通信
2015-11-03,SZE_300134,通信
2015-10-31,SZE_300205,通信
2016-11-01,SZE_300211,通信
2016-02-04,SZE_300213,通信
2015-11-03,SZE_300250,通信
2015-11-03,SZE_300252,通信
2016-05-22,SZE_300292,通信
2015-11-02,SZE_300299,通信
2016-11-23,SZE_300310,通信
2015-11-03,SZE_300312,通信
2016-02-04,SZE_300353,通信
2016-09-13,SZE_300467,通信
2016-08-04,SZE_300531,通信
2016-12-05,SZE_300548,通信
2016-10-17,SZE_300555,通信
2016-10-28,SZE_300560,通信
2016-11-06,SZE_300563,通信
2016-11-06,SZE_300565,通信
2016-12-01,SZE_300570,通信
2016-12-01,SZE_300571,通信
2017-01-14,SZE_300578,通信
2017-01-05,SZE_300590,通信
2017-01-14,SZE_300597,通信
2017-01-14,SZE_300603,通信
2017-02-08,SZE_300615,通信
2017-02-24,SZE_300620,通信
2017-03-10,SZE_300628,通信
2015-11-03,SZE_600050,通信
2016-11-01,SZE_600105,通信
2016-11-01,SZE_600130,通信
2016-05-22,SZE_600198,通信
2015-11-03,SZE_600289,通信
2016-11-01,SZE_600345,通信
2016-11-01,SZE_600355,通信
2008-06-02,SZE_600462,通信
2016-05-22,SZE_600485,通信
2015-11-03,SZE_600487,通信
2015-11-03,SZE_600498,通信
2016-09-13,SZE_600522,通信
2015-11-03,SZE_600775,通信
2014-01-01,SZE_600776,通信
2015-11-03,SZE_603118,通信
2016-07-18,SZE_603322,通信
2016-10-12,SZE_603421,通信
2016-12-01,SZE_603559,通信
2015-11-03,SZE_603703,通信
2017-01-14,SZE_603881,通信
2015-10-16,SZE_000007,休闲服务
2016-10-20,SZE_000428,休闲服务
2017-02-27,SZE_000430,休闲服务
2016-10-20,SZE_000524,休闲服务
2016-10-20,SZE_000610,休闲服务
2017-02-27,SZE_000613,休闲服务
2017-02-27,SZE_000721,休闲服务
2016-10-20,SZE_000796,休闲服务
2017-02-27,SZE_000888,休闲服务
2016-10-20,SZE_000978,休闲服务
2016-08-04,SZE_002033,休闲服务
2016-10-20,SZE_002059,休闲服务
2017-02-27,SZE_002159,休闲服务
2017-02-27,SZE_002186,休闲服务
2017-02-27,SZE_002306,休闲服务
2017-02-27,SZE_002558,休闲服务
2016-10-20,SZE_002707,休闲服务
2017-02-27,SZE_300144,休闲服务
2016-10-20,SZE_300178,休闲服务
2017-02-27,SZE_600054,休闲服务
2016-10-20,SZE_600138,休闲服务
2016-10-20,SZE_600258,休闲服务
2015-10-08,SZE_600358,休闲服务
2016-10-20,SZE_600593,休闲服务
2016-08-04,SZE_600640,休闲服务
2015-11-03,SZE_600706,休闲服务
2017-02-27,SZE_600749,休闲服务
2016-10-20,SZE_600754,休闲服务
2016-11-17,SZE_601007,休闲服务
2017-02-27,SZE_601888,休闲服务
2015-11-03,SZE_603099,休闲服务
2017-02-27,SZE_603199,休闲服务
2017-02-27,SZE_603869,休闲服务
2009-06-01,SZE_000004,医药生物
2016-06-28,SZE_000028,医药生物
2008-06-02,SZE_000078,医药生物
2016-06-28,SZE_000150,医药生物
2008-06-02,SZE_000153,医药生物
2008-06-02,SZE_000403,医药生物
2016-06-28,SZE_000411,医药生物
2016-06-28,SZE_000423,医药生物
2015-08-04,SZE_000503,医药生物
2016-06-28,SZE_000513,医药生物
2011-10-10,SZE_000518,医药生物
2016-06-28,SZE_000538,医药生物
2008-06-02,SZE_000566,医药生物
2008-06-02,SZE_000590,医药生物
2016-06-28,SZE_000597,医药生物
2011-10-10,SZE_000606,医药生物
2015-01-18,SZE_000623,医药生物
2008-06-02,SZE_000650,医药生物
2016-06-28,SZE_000661,医药生物
2008-06-02,SZE_000705,医药生物
2008-06-02,SZE_000739,医药生物
2008-06-02,SZE_000756,医药生物
2016-06-28,SZE_000766,医药生物
2016-06-28,SZE_000788,医药生物
2008-06-02,SZE_000790,医药生物
2015-07-01,SZE_000908,医药生物
2017-02-24,SZE_000915,医药生物
2016-06-28,SZE_000919,医药生物
2017-02-24,SZE_000952,医药生物
2017-02-24,SZE_000963,医药生物
2008-06-02,SZE_000989,医药生物
2016-02-19,SZE_000990,医药生物
2016-06-28,SZE_000999,医药生物
2016-06-13,SZE_002001,医药生物
2016-06-28,SZE_002007,医药生物
2017-02-24,SZE_002019,医药生物
2016-06-28,SZE_002020,医药生物
2016-06-28,SZE_002022,医药生物
2016-06-28,SZE_002030,医药生物
2016-06-28,SZE_002038,医药生物
2016-11-17,SZE_002044,医药生物
2008-06-02,SZE_002099,医药生物
2008-06-02,SZE_002107,医药生物
2016-02-19,SZE_002118,医药生物
2008-06-02,SZE_002166,医药生物
2015-08-04,SZE_002198,医药生物
2016-02-19,SZE_002219,医药生物
2016-06-28,SZE_002223,医药生物
2015-11-02,SZE_002252,医药生物
2016-12-19,SZE_002262,医药生物
2015-11-02,SZE_002275,医药生物
2009-08-12,SZE_002287,医药生物
2017-02-24,SZE_002294,医药生物
2016-06-28,SZE_002317,医药生物
2017-02-24,SZE_002332,医药生物
2016-06-28,SZE_002349,医药生物
2010-02-09,SZE_002365,医药生物
2010-02-23,SZE_002370,医药生物
2016-02-19,SZE_002390,医药生物
2010-04-06,SZE_002393,医药生物
2012-07-02,SZE_002399,医药生物
2016-04-14,SZE_002411,医药生物
2016-06-28,SZE_002412,医药生物
2016-06-28,SZE_002422,医药生物
2010-05-20,SZE_002424,医药生物
2010-05-25,SZE_002432,医药生物
2015-10-31,SZE_002433,医药生物
2017-02-24,SZE_002437,医药生物
2016-06-28,SZE_002462,医药生物
2012-07-02,SZE_002550,医药生物
2016-06-28,SZE_002551,医药生物
2016-02-19,SZE_002566,医药生物
2011-05-05,SZE_002581,医药生物
2016-06-28,SZE_002589,医药生物
2015-11-02,SZE_002603,医药生物
2016-06-27,SZE_002626,医药生物
2015-10-16,SZE_002644,医药生物
2017-02-24,SZE_002653,医药生物
2017-02-24,SZE_002675,医药生物
2016-02-19,SZE_002680,医药生物
2012-07-31,SZE_002693,医药生物
2014-01-08,SZE_002710,医药生物
2016-06-28,SZE_002727,医药生物
2014-07-31,SZE_002728,医药生物
2014-12-19,SZE_002737,医药生物
2015-03-16,SZE_002750,医药生物
2015-05-25,SZE_002758,医药生物
2016-06-28,SZE_002773,医药生物
2016-06-28,SZE_002788,医药生物
2016-10-17,SZE_002817,医药生物
2016-11-06,SZE_002821,医药生物
2016-12-01,SZE_002826,医药生物
2016-06-28,SZE_300003,医药生物
2017-02-13,SZE_300006,医药生物
2009-10-22,SZE_300009,医药生物
2016-06-28,SZE_300015,医药生物
2017-02-24,SZE_300016,医药生物
2017-02-24,SZE_300026,医药生物
2015-11-02,SZE_300030,医药生物
2015-11-02,SZE_300039,医药生物
2015-11-02,SZE_300049,医药生物
2015-11-02,SZE_300086,医药生物
2017-02-24,SZE_300110,医药生物
2015-11-02,SZE_300122,医药生物
2015-11-02,SZE_300142,医药生物
2010-12-06,SZE_300147,医药生物
2010-12-27,SZE_300158,医药生物
2016-06-28,SZE_300171,医药生物
2016-06-28,SZE_300181,医药生物
2011-03-14,SZE_300194,医药生物
2015-08-04,SZE_300199,医药生物
2015-11-02,SZE_300204,医药生物
2016-06-28,SZE_300206,医药生物
2011-05-03,SZE_300216,医药生物
2016-07-05,SZE_300233,医药生物
2016-06-28,SZE_300238,医药生物
2011-06-27,SZE_300239,医药生物
2016-06-28,SZE_300244,医药生物
2016-06-28,SZE_300246,医药生物
2011-08-08,SZE_300254,医药生物
2017-02-24,SZE_300255,医药生物
2011-08-29,SZE_300261,医药生物
2011-09-15,SZE_300267,医药生物
2016-06-28,SZE_300273,医药生物
2016-02-19,SZE_300289,医药生物
2012-02-29,SZE_300294,医药生物
2016-06-28,SZE_300298,医药生物
2012-04-24,SZE_300314,医药生物
2012-05-15,SZE_300318,医药生物
2015-11-02,SZE_300326,医药生物
2016-06-28,SZE_300347,医药生物
2014-01-08,SZE_300357,医药生物
2016-06-28,SZE_300358,医药生物
2014-01-08,SZE_300361,医药生物
2014-01-08,SZE_300363,医药生物
2016-02-19,SZE_300381,医药生物
2014-09-10,SZE_300396,医药生物
2014-09-26,SZE_300401,医药生物
2015-11-02,SZE_300404,医药生物
2014-10-24,SZE_300406,医药生物
2014-12-19,SZE_300412,医药生物
2015-11-02,SZE_300436,医药生物
2015-11-02,SZE_300439,医药生物
2015-05-06,SZE_300452,医药生物
2015-05-06,SZE_300453,医药生物
2016-06-28,SZE_300463,医药生物
2015-06-16,SZE_300482,医药生物
2015-06-16,SZE_300485,医药生物
2015-12-24,SZE_300497,医药生物
2016-06-24,SZE_300519,医药生物
2016-07-18,SZE_300529,医药生物
2016-09-07,SZE_300534,医药生物
2016-10-28,SZE_300558,医药生物
2016-11-06,SZE_300562,医药生物
2016-12-01,SZE_300573,医药生物
2016-12-25,SZE_300583,医药生物
2017-01-05,SZE_300584,医药生物
2017-01-14,SZE_300595,医药生物
2017-01-14,SZE_300601,医药生物
2017-03-10,SZE_300630,医药生物
2008-06-02,SZE_600055,医药生物
2014-07-01,SZE_600056,医药生物
2016-06-28,SZE_600062,医药生物
2017-02-24,SZE_600079,医药生物
2016-06-28,SZE_600080,医药生物
2016-06-28,SZE_600085,医药生物
2008-06-02,SZE_600129,医药生物
2016-06-28,SZE_600161,医药生物
2016-06-28,SZE_600196,医药生物
2016-06-28,SZE_600211,医药生物
2016-08-21,SZE_600216,医药生物
2016-06-28,SZE_600222,医药生物
2011-10-10,SZE_600252,医药生物
2016-06-28,SZE_600267,医药生物
2011-10-10,SZE_600272,医药生物
2016-06-28,SZE_600276,医药生物
2016-06-28,SZE_600285,医药生物
2015-11-02,SZE_600329,医药生物
2016-06-28,SZE_600332,医药生物
2008-06-02,SZE_600351,医药生物
2015-11-03,SZE_600380,医药生物
2016-06-28,SZE_600420,医药生物
2008-06-02,SZE_600422,医药生物
2016-06-28,SZE_600436,医药生物
2016-06-28,SZE_600479,医药生物
2008-06-02,SZE_600488,医药生物
2016-06-28,SZE_600511,医药生物
2017-02-13,SZE_600513,医药生物
2016-06-28,SZE_600518,医药生物
2017-02-24,SZE_600521,医药生物
2017-02-24,SZE_600529,医药生物
2008-06-02,SZE_600530,医药生物
2016-06-28,SZE_600535,医药生物
2015-11-02,SZE_600557,医药生物
2014-07-01,SZE_600566,医药生物
2015-11-02,SZE_600572,医药生物
2016-06-28,SZE_600587,医药生物
2016-06-28,SZE_600594,医药生物
2008-06-02,SZE_600613,医药生物
2008-06-02,SZE_600645,医药生物
2015-08-04,SZE_600664,医药生物
2008-06-02,SZE_600671,医药生物
2008-06-02,SZE_600713,医药生物
2011-10-10,SZE_600721,医药生物
2015-11-02,SZE_600750,医药生物
2016-06-28,SZE_600763,医药生物
2016-02-19,SZE_600767,医药生物
2008-06-02,SZE_600771,医药生物
2008-06-02,SZE_600781,医药生物
2011-10-10,SZE_600789,医药生物
2008-06-02,SZE_600796,医药生物
2008-06-02,SZE_600812,医药生物
2015-11-02,SZE_600829,医药生物
2008-06-02,SZE_600833,医药生物
2011-10-10,SZE_600851,医药生物
2016-06-28,SZE_600867,医药生物
2015-11-02,SZE_600976,医药生物
2008-06-02,SZE_600993,医药生物
2016-06-28,SZE_600998,医药生物
2016-08-23,SZE_601206,医药生物
2016-06-28,SZE_601607,医药生物
2016-06-28,SZE_603108,医药生物
2014-06-20,SZE_603168,医药生物
2015-02-15,SZE_603222,医药生物
2015-02-15,SZE_603309,医药生物
2016-06-28,SZE_603368,医药生物
2015-08-04,SZE_603456,医药生物
2016-03-04,SZE_603520,医药生物
2015-11-02,SZE_603567,医药生物
2016-11-03,SZE_603658,医药生物
2015-05-25,SZE_603669,医药生物
2016-11-02,SZE_603716,医药生物
2017-02-24,SZE_603811,医药生物
2016-11-06,SZE_603858,医药生物
2016-02-19,SZE_603883,医药生物
2016-06-28,SZE_603939,医药生物
2016-11-06,SZE_603987,医药生物
2014-11-25,SZE_603998,医药生物
2016-01-10,SZE_000001,银行
2015-11-02,SZE_002142,银行
2016-08-04,SZE_002807,银行
2016-12-19,SZE_002839,银行
2015-11-02,SZE_600000,银行
2015-11-02,SZE_600015,银行
2016-01-22,SZE_600016,银行
2016-01-22,SZE_600036,银行
2016-08-23,SZE_600908,银行
2016-06-23,SZE_600919,银行
2016-10-12,SZE_600926,银行
2015-11-02,SZE_601009,银行
2016-08-23,SZE_601128,银行
2016-01-22,SZE_601166,银行
2015-11-02,SZE_601169,银行
2016-10-12,SZE_601229,银行
2016-01-10,SZE_601288,银行
2015-11-02,SZE_601328,银行
2016-01-22,SZE_601398,银行
2016-01-10,SZE_601818,银行
2016-01-10,SZE_601939,银行
2016-01-10,SZE_601988,银行
2016-08-04,SZE_601997,银行
2016-01-10,SZE_601998,银行
2016-10-28,SZE_603323,银行
2015-07-28,SZE_000060,有色金属
2015-07-29,SZE_000426,有色金属
2015-10-01,SZE_000511,有色金属
2015-07-01,SZE_000519,有色金属
2015-07-29,SZE_000603,有色金属
2015-07-29,SZE_000612,有色金属
2015-07-29,SZE_000630,有色金属
2015-07-29,SZE_000633,有色金属
2015-10-28,SZE_000657,有色金属
2014-01-01,SZE_000688,有色金属
2015-07-29,SZE_000693,有色金属
2016-08-25,SZE_000697,有色金属
2015-07-29,SZE_000751,有色金属
2015-10-28,SZE_000758,有色金属
2015-12-24,SZE_000795,有色金属
2015-07-29,SZE_000807,有色金属
2015-11-03,SZE_000813,有色金属
2015-10-28,SZE_000831,有色金属
2015-07-29,SZE_000878,有色金属
2015-11-02,SZE_000933,有色金属
2015-10-31,SZE_000960,有色金属
2015-07-29,SZE_000962,有色金属
2011-10-10,SZE_000969,有色金属
2015-07-28,SZE_000970,有色金属
2015-10-28,SZE_000975,有色金属
2015-07-29,SZE_002057,有色金属
2015-07-29,SZE_002114,有色金属
2016-02-19,SZE_002130,有色金属
2016-02-19,SZE_002149,有色金属
2015-07-29,SZE_002155,有色金属
2015-07-29,SZE_002160,有色金属
2015-10-31,SZE_002167,有色金属
2015-10-28,SZE_002171,有色金属
2016-09-20,SZE_002182,有色金属
2016-09-20,SZE_002203,有色金属
2015-07-29,SZE_002237,有色金属
2015-07-29,SZE_002295,有色金属
2015-10-28,SZE_002340,有色金属
2015-07-29,SZE_002378,有色金属
2014-01-01,SZE_002379,有色金属
2015-07-29,SZE_002428,有色金属
2015-10-28,SZE_002460,有色金属
2015-10-28,SZE_002466,有色金属
2015-10-28,SZE_002501,有色金属
2015-07-28,SZE_002540,有色金属
2014-01-01,SZE_002578,有色金属
2011-07-06,SZE_002600,有色金属
2014-01-08,SZE_002716,有色金属
2016-07-18,SZE_002806,有色金属
2016-12-25,SZE_002824,有色金属
2016-12-28,SZE_002842,有色金属
2010-09-30,SZE_300127,有色金属
2015-07-28,SZE_300224,有色金属
2014-01-01,SZE_300337,有色金属
2016-08-25,SZE_300395,有色金属
2015-03-09,SZE_300428,有色金属
2015-06-18,SZE_300489,有色金属
2017-02-24,SZE_300618,有色金属
2015-10-31,SZE_600111,有色金属
2015-07-28,SZE_600114,有色金属
2015-11-03,SZE_600139,有色金属
2016-08-04,SZE_600206,有色金属
2016-09-20,SZE_600219,有色金属
2014-01-01,SZE_600255,有色金属
2014-01-01,SZE_600259,有色金属
2014-01-01,SZE_600311,有色金属
2015-10-31,SZE_600330,有色金属
2014-01-01,SZE_600331,有色金属
2014-01-01,SZE_600338,有色金属
2015-10-28,SZE_600362,有色金属
2015-07-28,SZE_600366,有色金属
2013-07-01,SZE_600385,有色金属
2017-01-03,SZE_600390,有色金属
2014-01-01,SZE_600392,有色金属
2015-10-31,SZE_600432,有色金属
2015-10-31,SZE_600456,有色金属
2015-10-28,SZE_600459,有色金属
2016-06-15,SZE_600478,有色金属
2014-01-01,SZE_600489,有色金属
2015-08-04,SZE_600490,有色金属
2014-01-01,SZE_600497,有色金属
2015-10-31,SZE_600516,有色金属
2014-01-01,SZE_600531,有色金属
2015-10-28,SZE_600547,有色金属
2016-08-28,SZE_600549,有色金属
2016-04-12,SZE_600595,有色金属
2015-11-02,SZE_600614,有色金属
2015-10-01,SZE_600615,有色金属
2015-10-31,SZE_600673,有色金属
2015-11-03,SZE_600687,有色金属
2014-01-01,SZE_600711,有色金属
2015-10-01,SZE_600766,有色金属
2014-01-01,SZE_600768,有色金属
2015-10-31,SZE_600888,有色金属
2014-01-01,SZE_600961,有色金属
2008-06-02,SZE_600980,有色金属
2016-07-21,SZE_600988,有色金属
2016-03-23,SZE_601020,有色金属
2015-01-15,SZE_601069,有色金属
2014-01-01,SZE_601137,有色金属
2014-01-01,SZE_601168,有色金属
2017-01-05,SZE_601212,有色金属
2014-01-01,SZE_601388,有色金属
2015-10-28,SZE_601600,有色金属
2016-08-11,SZE_601677,有色金属
2015-10-28,SZE_601899,有色金属
2015-10-31,SZE_601958,有色金属
2014-01-01,SZE_603399,有色金属
2016-07-18,SZE_603663,有色金属
2014-10-24,SZE_603688,有色金属
2016-05-06,SZE_603799,有色金属
2016-09-20,SZE_603993,有色金属
2015-10-01,SZE_000009,综合
2016-08-04,SZE_000068,综合
2011-10-10,SZE_000529,综合
2015-10-01,SZE_000628,综合
2008-06-02,SZE_000632,综合
2015-12-22,SZE_000652,综合
2016-07-26,SZE_000711,综合
2015-12-26,SZE_000839,综合
2008-06-02,SZE_000881,综合
2015-10-26,SZE_000993,综合
2013-07-01,SZE_002113,综合
2017-02-28,SZE_300012,综合
2008-06-02,SZE_600051,综合
2015-10-01,SZE_600053,综合
2016-08-04,SZE_600083,综合
2015-10-01,SZE_600113,综合
2008-06-02,SZE_600133,综合
2015-10-01,SZE_600149,综合
2016-06-01,SZE_600175,综合
2014-07-01,SZE_600200,综合
2016-08-04,SZE_600207,综合
2015-10-31,SZE_600212,综合
2014-07-01,SZE_600234,综合
2016-08-04,SZE_600260,综合
2015-10-01,SZE_600275,综合
2015-10-26,SZE_600277,综合
2016-07-05,SZE_600419,综合
2013-07-01,SZE_600421,综合
2015-10-16,SZE_600556,综合
2015-08-31,SZE_600603,综合
2015-10-01,SZE_600620,综合
2008-06-02,SZE_600624,综合
2015-10-01,SZE_600634,综合
2008-06-02,SZE_600701,综合
2016-01-05,SZE_600730,综合
2015-08-04,SZE_600770,综合
2008-06-02,SZE_600811,综合
2016-08-04,SZE_600817,综合
2015-08-04,SZE_600818,综合
2008-06-02,SZE_600846,综合
2016-01-19,SZE_600884,综合
2016-11-06,SZE_603060,综合
